original Price,Predicted Price,Fark
47700.0,50489,-2789
45800.0,68162,-22362
500001.0,470158,29843
218600.0,255141,-36541
278000.0,266954,11046
158700.0,160032,-1332
198200.0,222922,-24722
157500.0,166647,-9147
340000.0,290937,49063
446600.0,483441,-36841
123200.0,119511,3689
253900.0,209362,44538
215100.0,179480,35620
220500.0,210819,9681
219800.0,260876,-41076
136200.0,179702,-43502
178400.0,194919,-16519
187500.0,185899,1601
139800.0,157558,-17758
137500.0,91544,45956
425000.0,377293,47707
405600.0,472055,-66455
138800.0,145979,-7179
500001.0,420750,79251
162100.0,181681,-19581
51400.0,58587,-7187
151300.0,164465,-13165
94800.0,99924,-5124
204100.0,155774,48326
361500.0,392158,-30658
85100.0,92968,-7868
138400.0,151403,-13003
137500.0,197130,-59630
465000.0,464695,305
271800.0,285773,-13973
239400.0,249271,-9871
340900.0,336595,4305
150400.0,159660,-9260
128100.0,135232,-7132
156000.0,172853,-16853
258100.0,320894,-62794
90500.0,98861,-8361
71300.0,125222,-53922
219700.0,181872,37828
151000.0,145214,5786
290100.0,217890,72210
142000.0,129545,12455
291500.0,170788,120712
255400.0,246796,8604
98100.0,104720,-6620
251900.0,268933,-17033
162100.0,201489,-39389
129400.0,148880,-19480
89400.0,67578,21822
150500.0,141712,8788
133800.0,138869,-5069
80400.0,84416,-4016
211100.0,230725,-19625
255600.0,280212,-24612
214500.0,199271,15229
500001.0,379857,120144
202100.0,319250,-117150
81500.0,108207,-26707
98800.0,107702,-8902
281900.0,277637,4263
184600.0,184504,96
254700.0,132752,121948
143100.0,152704,-9604
162500.0,182400,-19900
142600.0,182729,-40129
85900.0,125440,-39540
186900.0,203888,-16988
71300.0,92944,-21644
174400.0,167673,6727
225000.0,224961,39
146500.0,179361,-32861
405000.0,406005,-1005
189600.0,199914,-10314
164400.0,182432,-18032
337500.0,330249,7251
72500.0,74494,-1994
143800.0,189191,-45391
160000.0,188228,-28228
118100.0,178452,-60352
374000.0,416094,-42094
202700.0,251821,-49121
96600.0,91389,5211
65800.0,78962,-13162
167400.0,188779,-21379
179800.0,199920,-20120
96700.0,116859,-20159
266100.0,249349,16751
91100.0,128345,-37245
49800.0,48939,861
90700.0,116189,-25489
115800.0,124752,-8952
278600.0,433796,-155196
250000.0,170444,79556
85000.0,201888,-116888
177000.0,177416,-416
99700.0,140004,-40304
357600.0,432398,-74798
475000.0,309214,165786
273600.0,319571,-45971
182400.0,174558,7842
157800.0,165421,-7621
193800.0,208106,-14306
333600.0,412268,-78668
264600.0,253487,11113
58400.0,84195,-25795
173400.0,232037,-58637
214800.0,241131,-26331
200000.0,305668,-105668
422800.0,406638,16162
93600.0,120074,-26474
122200.0,214396,-92196
167600.0,171459,-3859
303600.0,290730,12870
269300.0,213540,55760
264400.0,249645,14755
191000.0,207403,-16403
153800.0,143646,10154
275500.0,279264,-3764
208800.0,205326,3474
142300.0,155947,-13647
63500.0,69808,-6308
95800.0,120384,-24584
231700.0,210679,21021
221500.0,255690,-34190
89500.0,104662,-15162
226000.0,310316,-84316
500001.0,496195,3806
270200.0,275274,-5074
59600.0,95473,-35873
193300.0,212257,-18957
133600.0,124472,9128
161900.0,218677,-56777
357500.0,277358,80142
276500.0,239278,37222
410700.0,282097,128603
375000.0,207161,167839
135200.0,139854,-4654
167200.0,150260,16940
252000.0,253079,-1079
308400.0,416420,-108020
172100.0,171357,743
500001.0,442570,57431
193800.0,241597,-47797
105200.0,102515,2685
90800.0,90784,16
168800.0,193616,-24816
162100.0,131943,30157
161200.0,158651,2549
137500.0,157245,-19745
289300.0,301363,-12063
278700.0,280128,-1428
161700.0,184944,-23244
231000.0,261733,-30733
87500.0,100536,-13036
95700.0,103107,-7407
240600.0,270809,-30209
214100.0,214198,-98
428600.0,394464,34136
125000.0,269743,-144743
76400.0,83302,-6902
263800.0,305256,-41456
120400.0,212965,-92565
109100.0,110186,-1086
170600.0,212576,-41976
257400.0,260244,-2844
320000.0,280846,39154
289600.0,291248,-1648
307300.0,289861,17439
325500.0,350172,-24672
58400.0,61110,-2710
48500.0,62084,-13584
216700.0,139026,77674
97900.0,96606,1294
158600.0,145106,13494
69000.0,78291,-9291
322300.0,327916,-5616
467700.0,350846,116854
163000.0,159545,3455
287100.0,274250,12850
54600.0,57727,-3127
90400.0,105955,-15555
155500.0,164760,-9260
175000.0,251475,-76475
411200.0,463257,-52057
332100.0,280563,51537
141200.0,153525,-12325
247100.0,294701,-47601
153000.0,150168,2832
155000.0,158270,-3270
390800.0,146920,243880
90000.0,79476,10524
196700.0,211390,-14690
68200.0,93307,-25107
500001.0,500001,0
92100.0,128919,-36819
297900.0,270618,27282
500001.0,441014,58987
332300.0,285789,46511
171100.0,205538,-34438
152100.0,183612,-31512
232000.0,236798,-4798
127100.0,110564,16536
87500.0,112666,-25166
203400.0,200190,3210
228600.0,229757,-1157
116700.0,107047,9653
416700.0,499188,-82488
227600.0,274405,-46805
267900.0,332887,-64987
97200.0,118771,-21571
137500.0,149402,-11902
198800.0,183999,14801
68600.0,61043,7557
352500.0,256088,96412
103800.0,110399,-6599
107800.0,123793,-15993
131700.0,181649,-49949
271300.0,275367,-4067
97300.0,133475,-36175
95000.0,101334,-6334
67500.0,171551,-104051
326100.0,309693,16407
65600.0,84927,-19327
225600.0,257046,-31446
263800.0,327755,-63955
348300.0,339853,8447
325000.0,318725,6275
108800.0,123069,-14269
400000.0,395854,4146
138400.0,132957,5443
61000.0,77266,-16266
453100.0,434671,18429
500001.0,499442,559
120200.0,146075,-25875
329200.0,235501,93699
196300.0,260331,-64031
150000.0,101960,48040
152000.0,181854,-29854
169900.0,171908,-2008
137500.0,144481,-6981
283000.0,230489,52511
404500.0,406602,-2102
193500.0,211941,-18441
205100.0,209200,-4100
145600.0,148219,-2619
225000.0,100622,124378
215900.0,198666,17234
158500.0,147775,10725
124700.0,146260,-21560
65400.0,66735,-1335
280200.0,254154,26046
180500.0,166419,14081
105400.0,120785,-15385
100000.0,134475,-34475
166300.0,154477,11823
158000.0,197842,-39842
243800.0,275557,-31757
362900.0,375848,-12948
201900.0,180645,21255
52600.0,66780,-14180
500001.0,441623,58378
112000.0,106934,5066
225000.0,301338,-76338
439900.0,389206,50694
88300.0,112216,-23916
500001.0,500001,0
276800.0,222871,53929
179200.0,171517,7683
199700.0,183767,15933
132000.0,154957,-22957
61300.0,159730,-98430
171900.0,226923,-55023
123800.0,142032,-18232
135300.0,116949,18351
137100.0,183868,-46768
129300.0,162558,-33258
227900.0,243426,-15526
94400.0,118486,-24086
103500.0,129613,-26113
320800.0,333010,-12210
125000.0,398473,-273473
332400.0,306602,25798
159100.0,148364,10736
236900.0,288230,-51330
461600.0,451375,10225
156900.0,161658,-4758
148200.0,88368,59832
166500.0,152676,13824
196900.0,218719,-21819
167800.0,192027,-24227
126700.0,98933,27767
500001.0,397056,102945
57900.0,62307,-4407
238000.0,248828,-10828
142000.0,178325,-36325
86900.0,105522,-18622
56000.0,69937,-13937
500001.0,469687,30314
112400.0,131650,-19250
63600.0,82587,-18987
431300.0,449996,-18696
265900.0,196172,69728
58000.0,59089,-1089
194100.0,267708,-73608
142800.0,195758,-52958
178700.0,172285,6415
187500.0,215759,-28259
225000.0,194276,30724
313000.0,294405,18595
500001.0,499062,939
153600.0,165629,-12029
62300.0,94164,-31864
194500.0,174640,19860
163900.0,161435,2465
398800.0,265999,132801
204100.0,240744,-36644
199300.0,302863,-103563
176700.0,182850,-6150
500001.0,484254,15747
248900.0,203959,44941
150000.0,161640,-11640
231700.0,208861,22839
58000.0,116354,-58354
126000.0,127808,-1808
163300.0,168914,-5614
113400.0,127360,-13960
300000.0,252175,47825
310900.0,325838,-14938
218800.0,201258,17542
70400.0,72533,-2133
237700.0,291314,-53614
118800.0,123727,-4927
73100.0,68037,5063
75000.0,74409,591
450700.0,458853,-8153
240200.0,213183,27017
65800.0,68750,-2950
64700.0,73704,-9004
175100.0,179378,-4278
223700.0,210515,13185
96300.0,112987,-16687
405100.0,403260,1840
376800.0,316546,60254
500001.0,499648,353
350000.0,191262,158738
162500.0,206560,-44060
177300.0,185837,-8537
98400.0,94777,3623
138800.0,127107,11693
175000.0,281712,-106712
260900.0,232152,28748
104700.0,76898,27802
159500.0,202736,-43236
295900.0,300629,-4729
137500.0,184714,-47214
500001.0,438268,61733
227000.0,254209,-27209
263900.0,259360,4540
160400.0,137531,22869
142000.0,134852,7148
162500.0,168261,-5761
230400.0,226324,4076
500001.0,461512,38489
217700.0,278554,-60854
183000.0,189739,-6739
245800.0,201314,44486
129200.0,149629,-20429
60400.0,68495,-8095
67500.0,95363,-27863
295200.0,289341,5859
192600.0,218205,-25605
150600.0,158159,-7559
125700.0,158349,-32649
63400.0,84921,-21521
151300.0,162177,-10877
245600.0,351573,-105973
500001.0,487929,12072
165500.0,180807,-15307
113500.0,111697,1803
322200.0,317821,4379
362500.0,436468,-73968
69600.0,74177,-4577
156100.0,153114,2986
87500.0,117384,-29884
193100.0,206062,-12962
218000.0,207347,10653
101800.0,94220,7580
129100.0,116945,12155
156300.0,78316,77984
183200.0,184717,-1517
148100.0,158001,-9901
500001.0,500001,0
222100.0,300490,-78390
167600.0,178349,-10749
184500.0,208148,-23648
370000.0,366257,3743
239400.0,242715,-3315
166700.0,166626,74
233300.0,189885,43415
240000.0,276539,-36539
91300.0,110440,-19140
483500.0,486316,-2816
150500.0,182677,-32177
99500.0,117298,-17798
240200.0,215626,24574
95500.0,114274,-18774
500001.0,498870,1131
251600.0,228713,22887
120800.0,124202,-3402
135700.0,132060,3640
225400.0,228990,-3590
500001.0,393519,106482
85100.0,112355,-27255
500001.0,361297,138704
164800.0,157624,7176
111600.0,138040,-26440
161000.0,140315,20685
213700.0,215896,-2196
116500.0,126363,-9863
350000.0,304905,45095
159900.0,188057,-28157
438300.0,265394,172906
171100.0,176020,-4920
271100.0,340331,-69231
500001.0,291991,208010
68000.0,97924,-29924
191700.0,215500,-23800
255900.0,253360,2540
112500.0,129191,-16691
182200.0,160241,21959
347600.0,319198,28402
332000.0,281699,50301
110900.0,126176,-15276
211900.0,200243,11657
262500.0,235804,26696
237900.0,260090,-22190
90000.0,112864,-22864
427200.0,397752,29448
370500.0,320305,50195
116300.0,124782,-8482
170800.0,176024,-5224
285500.0,337597,-52097
111500.0,123676,-12176
83200.0,118823,-35623
248200.0,234495,13705
395500.0,351606,43894
218300.0,236967,-18667
500001.0,467348,32653
88900.0,91563,-2663
181000.0,174233,6767
280900.0,325172,-44272
345300.0,307711,37589
181000.0,233307,-52307
192200.0,226949,-34749
78100.0,64072,14028
75000.0,108499,-33499
433300.0,413593,19707
160100.0,154500,5600
109200.0,171184,-61984
96200.0,125513,-29313
191400.0,160394,31006
360000.0,183419,176581
185600.0,249599,-63999
118800.0,114373,4427
122700.0,124743,-2043
206300.0,205152,1148
195600.0,138172,57428
75600.0,88634,-13034
104300.0,109656,-5356
385900.0,398963,-13063
113900.0,126053,-12153
79400.0,87317,-7917
81300.0,63720,17580
129200.0,171379,-42179
73500.0,93677,-20177
175900.0,179251,-3351
142400.0,160201,-17801
234100.0,290663,-56563
286700.0,335303,-48603
92500.0,123909,-31409
170100.0,152181,17919
161800.0,165604,-3804
225300.0,229452,-4152
170600.0,166935,3665
319400.0,286366,33034
95800.0,86276,9524
73400.0,89872,-16472
93600.0,98454,-4854
51700.0,57866,-6166
358700.0,385286,-26586
64700.0,73049,-8349
344200.0,313838,30362
314000.0,350639,-36639
185700.0,249378,-63678
279300.0,255273,24027
119400.0,170892,-51492
280400.0,281868,-1468
187100.0,207454,-20354
83800.0,78414,5386
309300.0,267834,41466
229200.0,302922,-73722
245000.0,233393,11607
227600.0,306941,-79341
500001.0,480191,19810
320800.0,250711,70089
147300.0,145086,2214
162300.0,180079,-17779
265900.0,296012,-30112
500001.0,424251,75750
189100.0,215047,-25947
316400.0,372020,-55620
181900.0,185350,-3450
261500.0,208801,52699
69000.0,71198,-2198
181300.0,269561,-88261
293000.0,301840,-8840
111100.0,126848,-15748
218300.0,213680,4620
147200.0,143678,3522
243800.0,160094,83706
223000.0,215510,7490
137500.0,204943,-67443
60600.0,64424,-3824
275000.0,137934,137066
350000.0,246562,103438
171200.0,181843,-10643
83500.0,96843,-13343
225000.0,292667,-67667
165600.0,195353,-29753
152000.0,163961,-11961
192000.0,235755,-43755
254200.0,300087,-45887
150000.0,112375,37625
212500.0,210861,1639
80400.0,68622,11778
206500.0,256321,-49821
331100.0,361753,-30653
201400.0,246233,-44833
188400.0,187684,716
195400.0,209575,-14175
442500.0,408354,34146
152700.0,177735,-25035
500001.0,500001,0
239800.0,244570,-4770
159400.0,118966,40434
91800.0,124794,-32994
240900.0,251568,-10668
136400.0,141153,-4753
103600.0,112543,-8943
132500.0,127872,4628
292900.0,308003,-15103
62800.0,97338,-34538
112100.0,115465,-3365
89100.0,87157,1943
120700.0,155317,-34617
471400.0,445282,26118
314700.0,356545,-41845
226400.0,237978,-11578
409700.0,248733,160967
149000.0,135882,13118
171700.0,375229,-203529
235500.0,322038,-86538
322800.0,309962,12838
244500.0,272563,-28063
162200.0,166558,-4358
340900.0,380240,-39340
57400.0,54354,3046
198900.0,218414,-19514
109700.0,181081,-71381
137500.0,132713,4787
85700.0,111819,-26119
98300.0,93132,5168
178200.0,170167,8033
137500.0,352992,-215492
275000.0,342154,-67154
381500.0,333999,47501
500001.0,495048,4953
500001.0,488116,11885
179200.0,135087,44113
204500.0,242944,-38444
394100.0,409764,-15664
184400.0,182529,1871
174000.0,173198,802
80700.0,95666,-14966
189600.0,183610,5990
60000.0,75143,-15143
126600.0,107928,18672
262500.0,232547,29953
139200.0,149290,-10090
51300.0,51256,44
229200.0,255433,-26233
101100.0,124571,-23471
97700.0,100834,-3134
158300.0,151210,7090
349100.0,372992,-23892
85500.0,93129,-7629
214100.0,232097,-17997
227100.0,231843,-4743
155700.0,148435,7265
66800.0,77049,-10249
207300.0,220998,-13698
222800.0,204097,18703
354500.0,417083,-62583
340500.0,355750,-15250
52900.0,65451,-12551
140600.0,169991,-29391
150800.0,178972,-28172
56100.0,64752,-8652
259600.0,268521,-8921
318900.0,295231,23669
148400.0,190027,-41627
289900.0,214397,75503
161800.0,236732,-74932
255000.0,247991,7009
87500.0,126594,-39094
245000.0,322848,-77848
305000.0,337165,-32165
215000.0,236253,-21253
249000.0,302219,-53219
500001.0,500001,0
320000.0,319726,274
174000.0,180204,-6204
292500.0,262207,30293
500001.0,446178,53823
289900.0,321177,-31277
438400.0,368981,69419
182000.0,200353,-18353
170500.0,193818,-23318
69200.0,76084,-6884
95600.0,132874,-37274
272800.0,348769,-75969
81300.0,143317,-62017
272400.0,285700,-13300
152600.0,155232,-2632
55900.0,82022,-26122
213500.0,239126,-25626
331300.0,136215,195085
201800.0,200469,1331
57100.0,77676,-20576
331800.0,395914,-64114
365900.0,232860,133040
127500.0,100466,27034
111800.0,104780,7020
353700.0,280713,72987
229300.0,241214,-11914
87500.0,91755,-4255
237500.0,227306,10194
113300.0,88701,24599
112500.0,114894,-2394
138500.0,118246,20254
307400.0,338205,-30805
100900.0,104127,-3227
97800.0,86437,11363
176700.0,216330,-39630
218000.0,163063,54937
290600.0,166411,124189
157700.0,198852,-41152
348000.0,349733,-1733
67200.0,95404,-28204
260400.0,251443,8957
123600.0,121114,2486
67500.0,64077,3423
130700.0,148629,-17929
66000.0,78565,-12565
166600.0,186415,-19815
225600.0,246387,-20787
257100.0,221679,35421
500001.0,482908,17093
113900.0,120963,-7063
91000.0,126481,-35481
217400.0,168846,48554
96000.0,110969,-14969
129200.0,119166,10034
350200.0,335178,15022
442100.0,491687,-49587
222900.0,152165,70735
81300.0,86443,-5143
160600.0,161684,-1084
500001.0,369108,130893
341200.0,361151,-19951
287900.0,285920,1980
344700.0,377701,-33001
180000.0,188886,-8886
167800.0,241507,-73707
55000.0,84558,-29558
50800.0,51477,-677
142600.0,190598,-47998
235800.0,209745,26055
112700.0,140025,-27325
210200.0,212063,-1863
210700.0,143798,66902
65400.0,70671,-5271
162500.0,182904,-20404
150300.0,157759,-7459
500001.0,458412,41589
101400.0,120192,-18792
221800.0,247146,-25346
260300.0,245946,14354
178800.0,177404,1396
170400.0,181024,-10624
319400.0,375091,-55691
190600.0,176568,14032
184100.0,221901,-37801
191100.0,198745,-7645
149600.0,177511,-27911
500001.0,392244,107757
183400.0,189845,-6445
444100.0,376274,67826
242700.0,261019,-18319
76200.0,99996,-23796
132900.0,141906,-9006
409800.0,278890,130910
112500.0,100066,12434
376600.0,333288,43312
50500.0,80214,-29714
500001.0,392064,107937
209500.0,188639,20861
77800.0,85571,-7771
299700.0,305487,-5787
375000.0,223232,151768
156500.0,121728,34772
240000.0,267954,-27954
77200.0,87628,-10428
98500.0,81920,16580
500001.0,402235,97766
110400.0,133013,-22613
86400.0,102898,-16498
230400.0,238836,-8436
163900.0,162339,1561
500001.0,471940,28061
49500.0,72660,-23160
107400.0,123374,-15974
362500.0,205015,157485
145000.0,147223,-2223
218500.0,234135,-15635
130100.0,159652,-29552
146000.0,169417,-23417
152500.0,126693,25807
457200.0,462207,-5007
165200.0,186175,-20975
394700.0,358460,36240
144400.0,175537,-31137
136600.0,101843,34757
216400.0,220048,-3648
139000.0,142860,-3860
103800.0,114021,-10221
488500.0,398617,89883
227100.0,232471,-5371
238000.0,217345,20655
215600.0,275312,-59712
292300.0,360711,-68411
145900.0,135205,10695
187300.0,193114,-5814
185400.0,161681,23719
280000.0,218726,61274
141100.0,135924,5176
190900.0,177992,12908
262500.0,203273,59227
442000.0,389731,52269
274800.0,288805,-14005
85500.0,78101,7399
231800.0,254565,-22765
302000.0,292091,9909
235800.0,272472,-36672
72200.0,95361,-23161
182400.0,170412,11988
500001.0,463499,36502
78700.0,71213,7487
181300.0,209839,-28539
198000.0,210810,-12810
199600.0,189417,10183
63300.0,89566,-26266
94000.0,152026,-58026
186800.0,198074,-11274
117000.0,129116,-12116
117800.0,128689,-10889
121000.0,147183,-26183
230900.0,284015,-53115
427300.0,376453,50847
128100.0,173725,-45625
384700.0,349238,35462
290400.0,296730,-6330
91300.0,126861,-35561
61900.0,66880,-4980
232200.0,291984,-59784
129600.0,124556,5044
127500.0,110183,17317
150500.0,160114,-9614
187500.0,155042,32458
437900.0,450987,-13087
126500.0,170770,-44270
453400.0,462278,-8878
229400.0,205063,24337
364900.0,347100,17800
191900.0,178178,13722
87500.0,157567,-70067
30000.0,82985,-52985
335700.0,330649,5051
242100.0,206959,35141
173700.0,198774,-25074
54100.0,55637,-1537
207800.0,227505,-19705
112500.0,66469,46031
166700.0,172845,-6145
271800.0,324756,-52956
141100.0,149821,-8721
375000.0,220713,154287
161600.0,165718,-4118
159400.0,180289,-20889
86300.0,106604,-20304
256300.0,263566,-7266
213200.0,206130,7070
254100.0,220763,33337
132600.0,149213,-16613
169300.0,189690,-20390
347700.0,356481,-8781
159700.0,177365,-17665
90900.0,131959,-41059
290500.0,289711,789
189900.0,215082,-25182
495600.0,490252,5348
333300.0,370804,-37504
183800.0,169692,14108
189000.0,194253,-5253
157500.0,123578,33922
66600.0,61425,5175
132400.0,138842,-6442
156000.0,204716,-48716
348100.0,351029,-2929
226400.0,266673,-40273
74200.0,70737,3463
158300.0,174938,-16638
500001.0,500001,0
165500.0,185501,-20001
329500.0,245889,83611
139600.0,147312,-7712
152900.0,152899,1
367300.0,307126,60174
70000.0,93689,-23689
97400.0,134515,-37115
65900.0,87263,-21363
49300.0,52001,-2701
154100.0,177271,-23171
272800.0,218981,53819
247100.0,303085,-55985
268800.0,176655,92145
247600.0,239410,8190
416800.0,360745,56055
121600.0,128194,-6594
171700.0,161225,10475
173800.0,223630,-49830
235600.0,291786,-56186
260100.0,308666,-48566
200000.0,195419,4581
296600.0,248518,48082
374600.0,220200,154400
177800.0,228065,-50265
269500.0,296540,-27040
62000.0,72229,-10229
197600.0,231220,-33620
52700.0,69320,-16620
191400.0,190831,569
317700.0,322370,-4670
329400.0,257143,72257
330700.0,402715,-72015
187400.0,222912,-35512
286500.0,263342,23158
500001.0,138836,361165
133900.0,149105,-15205
199800.0,272995,-73195
45000.0,66514,-21514
354600.0,334760,19840
263800.0,333279,-69479
278400.0,218016,60384
160400.0,136006,24394
241300.0,249643,-8343
208300.0,193747,14553
263600.0,273708,-10108
145000.0,162021,-17021
132500.0,138740,-6240
183800.0,172781,11019
81100.0,75619,5481
176500.0,189185,-12685
255500.0,227522,27978
166100.0,214920,-48820
102000.0,134906,-32906
86100.0,95645,-9545
100600.0,87270,13330
500000.0,377428,122572
209900.0,285920,-76020
52500.0,68714,-16214
262900.0,220934,41966
158800.0,135957,22843
209500.0,156723,52777
350000.0,185995,164005
217100.0,208269,8831
141400.0,110479,30921
93400.0,130703,-37303
198200.0,163349,34851
187200.0,155508,31692
185300.0,198942,-13642
500001.0,373503,126498
281300.0,316012,-34712
103600.0,107583,-3983
287900.0,345642,-57742
208300.0,223256,-14956
175000.0,312631,-137631
132700.0,134931,-2231
172000.0,173586,-1586
500001.0,487374,12627
64000.0,74000,-10000
227900.0,218712,9188
63100.0,65776,-2676
84100.0,86328,-2228
339200.0,271563,67637
156300.0,106810,49490
383600.0,383921,-321
137100.0,146791,-9691
56800.0,69340,-12540
70000.0,93013,-23013
96300.0,72900,23400
92600.0,118794,-26194
359100.0,321257,37843
158700.0,168957,-10257
500001.0,416171,83830
114600.0,182804,-68204
410200.0,370157,40043
281900.0,223210,58690
101700.0,119120,-17420
169300.0,180002,-10702
207800.0,251554,-43754
327200.0,361304,-34104
277900.0,324145,-46245
111400.0,104307,7093
80600.0,106855,-26255
207500.0,280733,-73233
275300.0,276164,-864
421000.0,315725,105275
128800.0,146493,-17693
313900.0,273541,40359
67600.0,78476,-10876
64400.0,77214,-12814
153900.0,155822,-1922
130700.0,132866,-2166
238500.0,256053,-17553
379600.0,347014,32586
146500.0,188517,-42017
150300.0,264760,-114460
80300.0,107348,-27048
293300.0,129918,163382
288000.0,289216,-1216
144100.0,155434,-11334
127000.0,138486,-11486
152100.0,191741,-39641
156800.0,136637,20163
104900.0,105137,-237
500001.0,500001,0
134400.0,141493,-7093
500001.0,500001,0
272800.0,296761,-23961
151600.0,103215,48385
362600.0,323441,39159
169200.0,198758,-29558
140400.0,213943,-73543
43700.0,51096,-7396
136000.0,213382,-77382
264400.0,250439,13961
152200.0,179140,-26940
137500.0,242520,-105020
214700.0,179396,35304
170900.0,198636,-27736
236200.0,224261,11939
297800.0,284137,13663
88500.0,104363,-15863
127600.0,127877,-277
80200.0,98358,-18158
306000.0,343948,-37948
436400.0,281632,154768
238900.0,233923,4977
231700.0,298949,-67249
122900.0,135799,-12899
218200.0,230556,-12356
397000.0,493520,-96520
260300.0,173765,86535
435700.0,377909,57791
164000.0,221236,-57236
440500.0,316991,123509
85400.0,96833,-11433
101900.0,100123,1777
159400.0,204711,-45311
190300.0,291877,-101577
100000.0,80111,19889
139600.0,157624,-18024
500001.0,500001,0
154500.0,240392,-85892
170500.0,200785,-30285
110600.0,112480,-1880
191200.0,253359,-62159
287200.0,419790,-132590
150100.0,145098,5002
238300.0,220304,17996
154200.0,251272,-97072
280500.0,250563,29937
161900.0,171545,-9645
265600.0,295028,-29428
122700.0,160692,-37992
231200.0,240826,-9626
319100.0,296226,22874
231300.0,201493,29807
500001.0,482062,17939
121200.0,117981,3219
222500.0,231118,-8618
450000.0,230625,219375
102100.0,100193,1907
201200.0,185262,15938
104200.0,117963,-13763
500001.0,500001,0
132000.0,127087,4913
221100.0,237442,-16342
151600.0,142561,9039
146900.0,200691,-53791
151200.0,178968,-27768
165100.0,178189,-13089
213600.0,222145,-8545
213500.0,218824,-5324
500001.0,437317,62684
438000.0,375459,62541
183800.0,189730,-5930
350000.0,440373,-90373
159300.0,141971,17329
129100.0,136683,-7583
76600.0,64739,11861
225000.0,222851,2149
230800.0,203921,26879
431800.0,430797,1003
191000.0,261165,-70165
84700.0,92965,-8265
152500.0,139912,12588
67600.0,72976,-5376
198200.0,205599,-7399
306300.0,246922,59378
122100.0,127225,-5125
276100.0,209315,66785
103000.0,104986,-1986
409100.0,333717,75383
135200.0,139775,-4575
121600.0,108110,13490
182800.0,161114,21686
228000.0,213518,14482
110000.0,113758,-3758
111200.0,106920,4280
84700.0,66126,18574
447300.0,425267,22033
88300.0,85004,3296
87100.0,80330,6770
187500.0,208697,-21197
146900.0,167252,-20352
103100.0,123388,-20288
343700.0,405157,-61457
98200.0,128386,-30186
262500.0,173178,89322
77400.0,91378,-13978
135100.0,130969,4131
134700.0,138334,-3634
231300.0,150934,80366
158600.0,163584,-4984
101600.0,109445,-7845
122000.0,156128,-34128
380000.0,358443,21557
189400.0,161288,28112
440000.0,341980,98020
70000.0,92227,-22227
70000.0,63626,6374
333500.0,345454,-11954
101800.0,124714,-22914
500001.0,499062,939
360500.0,328851,31649
169500.0,183386,-13886
205600.0,177145,28455
166300.0,200418,-34118
32500.0,102904,-70404
362700.0,294984,67716
174500.0,149824,24676
197600.0,192716,4884
183000.0,193201,-10201
158300.0,185533,-27233
100200.0,134868,-34668
87500.0,76507,10993
461100.0,393163,67937
190200.0,267224,-77024
232300.0,201631,30669
221600.0,252001,-30401
226900.0,287575,-60675
224200.0,210530,13670
119800.0,119544,256
78200.0,95193,-16993
165100.0,155645,9455
213900.0,349139,-135239
69700.0,73441,-3741
105800.0,114322,-8522
75000.0,81038,-6038
91700.0,115750,-24050
269500.0,293688,-24188
68200.0,70904,-2704
165800.0,212174,-46374
154600.0,200572,-45972
472700.0,376814,95886
345900.0,395832,-49932
230700.0,251879,-21179
300000.0,237058,62942
249400.0,186425,62975
435700.0,418395,17305
225800.0,216419,9381
175000.0,213407,-38407
178400.0,155007,23393
276000.0,213362,62638
115900.0,119763,-3863
214300.0,120876,93424
118300.0,98077,20223
500001.0,368157,131844
152100.0,275504,-123404
140400.0,148529,-8129
222600.0,202067,20533
444500.0,341151,103349
500000.0,409871,90129
163300.0,130332,32968
193800.0,233048,-39248
90500.0,97664,-7164
115200.0,124500,-9300
147000.0,132596,14404
273900.0,256789,17111
190900.0,170549,20351
74800.0,75690,-890
500001.0,293549,206452
118500.0,135356,-16856
500001.0,180901,319100
55000.0,199088,-144088
58400.0,91299,-32899
95800.0,105093,-9293
99200.0,113773,-14573
167400.0,334377,-166977
70500.0,83645,-13145
67500.0,79450,-11950
75700.0,96893,-21193
183000.0,277655,-94655
500001.0,500001,0
97300.0,102976,-5676
230000.0,254673,-24673
82900.0,111034,-28134
52200.0,67164,-14964
114800.0,121199,-6399
88000.0,104069,-16069
224200.0,163368,60832
150000.0,160582,-10582
341700.0,323622,18078
181700.0,190262,-8562
140600.0,196047,-55447
72700.0,68704,3996
210900.0,217514,-6614
97700.0,122290,-24590
109700.0,114674,-4974
165600.0,253202,-87602
230600.0,222081,8519
163800.0,205761,-41961
95800.0,67561,28239
48100.0,66708,-18608
44400.0,51321,-6921
237900.0,228905,8995
284800.0,385963,-101163
164800.0,147619,17181
200000.0,171999,28001
77800.0,86582,-8782
186000.0,198300,-12300
169700.0,169942,-242
418800.0,287676,131124
73300.0,70959,2341
87000.0,125212,-38212
168200.0,194757,-26557
154300.0,165944,-11644
225000.0,365357,-140357
333000.0,306785,26215
225900.0,220668,5232
138100.0,141986,-3886
112700.0,115620,-2920
231600.0,221292,10308
419100.0,294913,124187
221100.0,214932,6168
155400.0,175477,-20077
151700.0,174028,-22328
248900.0,339373,-90473
153200.0,136681,16519
126500.0,128899,-2399
240000.0,234025,5975
186100.0,193084,-6984
500001.0,440926,59075
181600.0,182161,-561
178100.0,231937,-53837
69200.0,76990,-7790
66800.0,82946,-16146
500001.0,496996,3005
181300.0,157621,23679
396400.0,407253,-10853
187500.0,223929,-36429
297900.0,318480,-20580
345400.0,307193,38207
245100.0,239299,5801
105500.0,110335,-4835
101100.0,78660,22440
141700.0,199963,-58263
430900.0,315011,115889
286300.0,274708,11592
113000.0,108021,4979
466700.0,418308,48392
168600.0,186658,-18058
360500.0,247923,112577
256400.0,274586,-18186
113900.0,128070,-14170
350400.0,407850,-57450
209100.0,211801,-2701
131500.0,203940,-72440
216700.0,198368,18332
101300.0,155047,-53747
202800.0,200978,1822
117600.0,132062,-14462
292600.0,308467,-15867
500001.0,499831,170
130300.0,123150,7150
92400.0,94453,-2053
112500.0,103883,8617
154200.0,193042,-38842
104000.0,109254,-5254
121600.0,163346,-41746
206300.0,204562,1738
108300.0,123197,-14897
349400.0,344998,4402
83300.0,88123,-4823
245800.0,236725,9075
91500.0,173727,-82227
500001.0,499260,741
500001.0,428237,71764
190500.0,148093,42407
108300.0,96311,11989
89600.0,122611,-33011
500001.0,500001,0
94600.0,137763,-43163
67500.0,369676,-302176
177500.0,179355,-1855
261300.0,295582,-34282
500001.0,303518,196483
168400.0,226089,-57689
245300.0,256551,-11251
240000.0,290139,-50139
156500.0,124261,32239
500001.0,278926,221075
235600.0,242792,-7192
185600.0,193273,-7673
316700.0,223462,93238
118800.0,92471,26329
248500.0,307540,-59040
236500.0,218506,17994
94600.0,103514,-8914
176800.0,165253,11547
148600.0,190535,-41935
195300.0,184329,10971
215900.0,209008,6892
126600.0,144005,-17405
173900.0,215156,-41256
183000.0,188512,-5512
74300.0,98631,-24331
224700.0,199393,25307
101600.0,98840,2760
391000.0,348498,42502
265000.0,166786,98214
500001.0,500001,0
186500.0,225885,-39385
78000.0,91154,-13154
80800.0,103406,-22606
189600.0,233156,-43556
199200.0,223627,-24427
189600.0,211490,-21890
160000.0,158017,1983
375300.0,363038,12262
166700.0,157115,9585
215600.0,224429,-8829
228600.0,238846,-10246
171300.0,173062,-1762
431000.0,424827,6173
275100.0,284996,-9896
276800.0,371739,-94939
46300.0,58292,-11992
144000.0,136183,7817
94300.0,80865,13435
157600.0,165668,-8068
194500.0,209873,-15373
351100.0,240681,110419
453400.0,326890,126510
224600.0,232388,-7788
155600.0,170961,-15361
242000.0,437855,-195855
70000.0,80450,-10450
71300.0,111267,-39967
66800.0,88764,-21964
153100.0,256356,-103256
137500.0,176575,-39075
230400.0,234538,-4138
242200.0,285725,-43525
301900.0,266967,34933
415800.0,296781,119019
156500.0,174472,-17972
78600.0,82797,-4197
441400.0,401761,39639
184300.0,208970,-24670
276500.0,361323,-84823
232800.0,185533,47267
60400.0,74186,-13786
224100.0,226509,-2409
439000.0,310645,128355
123100.0,105819,17281
255700.0,285366,-29666
57600.0,63058,-5458
199800.0,228722,-28922
51300.0,53265,-1965
348200.0,330913,17287
362800.0,355729,7071
240300.0,275979,-35679
73600.0,74464,-864
172600.0,168922,3678
229000.0,252651,-23651
166300.0,189601,-23301
83300.0,139074,-55774
500001.0,492885,7116
332900.0,307682,25218
54300.0,56612,-2312
241700.0,214337,27363
387500.0,325597,61903
136400.0,148977,-12577
98300.0,187154,-88854
176000.0,206468,-30468
63000.0,56576,6424
236900.0,221256,15644
97200.0,126657,-29457
220000.0,204722,15278
105800.0,156785,-50985
270900.0,278960,-8060
99400.0,100936,-1536
166300.0,159225,7075
143800.0,155318,-11518
140600.0,131207,9393
330900.0,330160,740
156900.0,183603,-26703
500001.0,370869,129132
162500.0,191738,-29238
124800.0,136396,-11596
216100.0,141256,74844
171400.0,185450,-14050
325600.0,338256,-12656
109800.0,94233,15567
276200.0,297695,-21495
129900.0,150715,-20815
292300.0,264547,27753
341500.0,344012,-2512
66800.0,81969,-15169
238800.0,247146,-8346
77400.0,114485,-37085
82400.0,81144,1256
359900.0,383322,-23422
465700.0,438839,26861
214000.0,236474,-22474
107100.0,95481,11619
157800.0,176648,-18848
119300.0,118129,1171
232900.0,234661,-1761
179500.0,204834,-25334
70100.0,71212,-1112
55000.0,169719,-114719
65900.0,73175,-7275
99600.0,98622,978
500001.0,473528,26473
164100.0,243507,-79407
77000.0,95440,-18440
140300.0,152944,-12644
172900.0,142547,30353
500001.0,365637,134364
314300.0,234379,79921
500001.0,412455,87546
500001.0,500001,0
143000.0,155893,-12893
280600.0,268067,12533
375000.0,373371,1629
137500.0,186391,-48891
337100.0,323259,13841
128000.0,137194,-9194
185400.0,173506,11894
63000.0,71882,-8882
109500.0,203563,-94063
400000.0,175511,224489
151900.0,228608,-76708
56300.0,72199,-15899
102500.0,74217,28283
225000.0,265696,-40696
145500.0,189477,-43977
363100.0,223426,139674
249000.0,233701,15299
415300.0,355007,60293
267400.0,227880,39520
75000.0,74469,531
250000.0,266647,-16647
161800.0,133488,28312
97500.0,87202,10298
111500.0,143210,-31710
87300.0,89314,-2014
272900.0,326958,-54058
124400.0,106151,18249
228700.0,309910,-81210
229500.0,224748,4752
162500.0,151222,11278
80000.0,154216,-74216
118800.0,107111,11689
244200.0,262984,-18784
187500.0,194206,-6706
246000.0,240654,5346
102600.0,100424,2176
116700.0,96778,19922
137500.0,203686,-66186
171900.0,240988,-69088
103100.0,118218,-15118
239100.0,268697,-29597
194000.0,199578,-5578
219900.0,241692,-21792
380000.0,439022,-59022
155700.0,166220,-10520
89900.0,89524,376
89300.0,122496,-33196
55000.0,96423,-41423
49800.0,52544,-2744
146400.0,163871,-17471
278000.0,303885,-25885
288700.0,340284,-51584
129200.0,188339,-59139
221600.0,217509,4091
85600.0,205576,-119976
160400.0,155728,4672
57600.0,76953,-19353
348500.0,355857,-7357
199400.0,257337,-57937
97100.0,102842,-5742
58100.0,66987,-8887
301000.0,292226,8774
74200.0,165006,-90806
249400.0,302740,-53340
267000.0,294464,-27464
119900.0,109668,10232
77700.0,80099,-2399
143400.0,92574,50826
61200.0,74648,-13448
206800.0,228254,-21454
328200.0,343209,-15009
360600.0,355495,5105
107800.0,88406,19394
51500.0,55887,-4387
67500.0,122367,-54867
184100.0,156993,27107
200000.0,158152,41848
354000.0,228537,125463
393800.0,328794,65006
132100.0,133635,-1535
306500.0,289973,16527
134900.0,140770,-5870
319300.0,354460,-35160
303900.0,334536,-30636
350000.0,164972,185028
231200.0,280049,-48849
131300.0,149630,-18330
120800.0,119304,1496
135200.0,103624,31576
68900.0,72442,-3542
425000.0,243005,181995
160500.0,183644,-23144
151000.0,178859,-27859
349500.0,427122,-77622
60200.0,68947,-8747
396400.0,287336,109064
278500.0,287382,-8882
239300.0,135967,103333
224900.0,255505,-30605
91300.0,95111,-3811
111400.0,128161,-16761
150800.0,129473,21327
64700.0,76224,-11524
358800.0,332322,26478
232800.0,217714,15086
54400.0,93028,-38628
98200.0,106236,-8036
225800.0,189771,36029
116100.0,132405,-16305
196400.0,212739,-16339
123200.0,74556,48644
156400.0,183264,-26864
166800.0,172202,-5402
215900.0,220653,-4753
117300.0,152178,-34878
243200.0,189559,53641
72900.0,90383,-17483
191700.0,209434,-17734
60000.0,204803,-144803
195400.0,189660,5740
111600.0,112957,-1357
268500.0,273694,-5194
260000.0,259428,572
89400.0,121552,-32152
235200.0,367641,-132441
386100.0,322268,63832
187500.0,139837,47663
223400.0,248021,-24621
120300.0,152035,-31735
135800.0,127516,8284
307400.0,370346,-62946
326800.0,254511,72289
70300.0,85789,-15489
68200.0,96235,-28035
114600.0,109718,4882
177200.0,209431,-32231
81900.0,100713,-18813
90600.0,129214,-38614
56800.0,67448,-10648
323800.0,329444,-5644
244400.0,138767,105633
144300.0,168052,-23752
164200.0,159957,4243
237600.0,289750,-52150
243000.0,229758,13242
83300.0,77940,5360
87500.0,122416,-34916
131700.0,117320,14380
47000.0,59322,-12322
195300.0,211923,-16623
184100.0,225673,-41573
128800.0,116697,12103
118200.0,115925,2275
212800.0,166016,46784
141300.0,135625,5675
227100.0,263106,-36006
80800.0,156888,-76088
201300.0,177903,23397
183300.0,208991,-25691
155000.0,148423,6577
143800.0,147636,-3836
137500.0,268333,-130833
280100.0,207340,72760
245900.0,225605,20295
243600.0,301523,-57923
103000.0,135070,-32070
103800.0,109293,-5493
235900.0,186294,49606
161900.0,189720,-27820
394400.0,393489,911
145800.0,91027,54773
184800.0,190444,-5644
242300.0,246939,-4639
335500.0,247399,88101
165500.0,135440,30060
204800.0,318354,-113554
159700.0,133291,26409
169100.0,123852,45248
478600.0,384472,94128
258900.0,214527,44373
324000.0,316241,7759
103100.0,94776,8324
138100.0,126121,11979
91600.0,93471,-1871
228900.0,334794,-105894
138800.0,135490,3310
252200.0,242100,10100
420300.0,425426,-5126
243600.0,214518,29082
142100.0,157145,-15045
67500.0,67368,132
92800.0,113890,-21090
190800.0,227196,-36396
223900.0,231718,-7818
143400.0,154394,-10994
132700.0,111440,21260
99000.0,94993,4007
67700.0,72721,-5021
227400.0,247989,-20589
228600.0,253199,-24599
135800.0,140722,-4922
362100.0,371100,-9000
281300.0,271859,9441
500001.0,499662,339
90600.0,130711,-40111
66300.0,94497,-28197
150200.0,134919,15281
170300.0,177871,-7571
99300.0,148991,-49691
322900.0,344149,-21249
213200.0,138830,74370
217000.0,217817,-817
267900.0,182523,85377
206300.0,196321,9979
376800.0,268212,108588
87500.0,80698,6802
304700.0,253644,51056
460200.0,389765,70435
128500.0,101927,26573
284600.0,353595,-68995
119600.0,162695,-43095
208600.0,191397,17203
117500.0,288968,-171468
66900.0,64880,2020
204800.0,167187,37613
74600.0,87807,-13207
109100.0,119561,-10461
114300.0,137291,-22991
308300.0,328525,-20225
113000.0,98398,14602
91700.0,78965,12735
134200.0,135225,-1025
425000.0,341903,83097
53900.0,58909,-5009
310600.0,259610,50990
241700.0,270953,-29253
226800.0,249394,-22594
100800.0,114393,-13593
238000.0,238150,-150
245500.0,281894,-36394
156500.0,158484,-1984
115600.0,140068,-24468
66400.0,72103,-5703
58800.0,62828,-4028
223600.0,207162,16438
169300.0,212044,-42744
166700.0,141392,25308
225000.0,196315,28685
72600.0,83854,-11254
160300.0,180496,-20196
147500.0,120643,26857
91200.0,203154,-111954
208300.0,136622,71678
335300.0,336693,-1393
58000.0,93250,-35250
226500.0,242108,-15608
345200.0,396998,-51798
106800.0,84528,22272
500001.0,166578,333423
275000.0,250226,24774
95800.0,108181,-12381
97200.0,146913,-49713
155000.0,126046,28954
400000.0,364529,35471
500001.0,295572,204429
304300.0,294699,9601
359200.0,365093,-5893
144700.0,160194,-15494
352800.0,313563,39237
355600.0,297083,58517
99100.0,117614,-18514
250400.0,241049,9351
105600.0,101399,4201
500001.0,453264,46737
162000.0,176264,-14264
272200.0,283659,-11459
245900.0,352049,-106149
183300.0,199624,-16324
220700.0,281653,-60953
161000.0,170340,-9340
303900.0,311245,-7345
266200.0,219584,46616
90100.0,83373,6727
87500.0,111355,-23855
209400.0,149703,59697
188700.0,213892,-25192
101400.0,114170,-12770
387500.0,405160,-17660
359100.0,294507,64593
327300.0,332256,-4956
279200.0,288257,-9057
233600.0,275218,-41618
163500.0,232864,-69364
124200.0,197006,-72806
450000.0,456991,-6991
111900.0,116105,-4205
90800.0,105447,-14647
120600.0,171808,-51208
483800.0,402166,81634
366700.0,427540,-60840
201000.0,236183,-35183
333600.0,315396,18204
362500.0,207559,154941
170100.0,166429,3671
246700.0,246037,663
161200.0,153212,7988
147000.0,127783,19217
117900.0,170368,-52468
111300.0,121421,-10121
266500.0,240627,25873
113500.0,116323,-2823
329100.0,343199,-14099
500001.0,493164,6837
236500.0,172474,64026
122200.0,106087,16113
81900.0,90544,-8644
386400.0,327953,58447
184800.0,181660,3140
160700.0,185204,-24504
101600.0,88748,12852
424000.0,389841,34159
262500.0,226089,36411
369400.0,268736,100664
115100.0,145795,-30695
281700.0,283733,-2033
98100.0,130443,-32343
131100.0,169485,-38385
251800.0,230590,21210
232700.0,249207,-16507
139200.0,129950,9250
71500.0,72377,-877
340500.0,292371,48129
270800.0,216244,54556
155600.0,163232,-7632
89200.0,85522,3678
167000.0,177169,-10169
103100.0,106009,-2909
180500.0,194052,-13552
51200.0,66601,-15401
204600.0,197259,7341
387200.0,219967,167233
162500.0,136413,26087
120400.0,123747,-3347
139700.0,144871,-5171
98200.0,85151,13049
269400.0,282229,-12829
269100.0,289469,-20369
500001.0,311167,188834
49600.0,70618,-21018
58000.0,92097,-34097
65900.0,64046,1854
175400.0,184070,-8670
391800.0,364012,27788
280800.0,287777,-6977
90700.0,111309,-20609
500001.0,500001,0
92300.0,88613,3687
227100.0,242868,-15768
162500.0,131501,30999
290900.0,286533,4367
183100.0,191880,-8780
283200.0,353572,-70372
177400.0,301165,-123765
238700.0,289677,-50977
321300.0,313680,7620
261500.0,299480,-37980
99300.0,122316,-23016
226100.0,247610,-21510
51700.0,48178,3522
156900.0,148069,8831
160900.0,170523,-9623
222400.0,256022,-33622
305200.0,271509,33691
138800.0,141214,-2414
230700.0,252471,-21771
94300.0,100320,-6020
97200.0,106857,-9657
382100.0,271802,110298
193200.0,205446,-12246
209500.0,205633,3867
231400.0,165753,65647
89300.0,112917,-23617
196100.0,198697,-2597
113500.0,106088,7412
178400.0,241952,-63552
406500.0,360986,45514
228200.0,243992,-15792
234800.0,281138,-46338
231300.0,196307,34993
500001.0,458074,41927
184100.0,184237,-137
213700.0,207804,5896
500001.0,450970,49031
169200.0,185128,-15928
232400.0,238786,-6386
351700.0,404557,-52857
234600.0,220060,14540
112500.0,258517,-146017
145200.0,148771,-3571
87200.0,102130,-14930
53500.0,65593,-12093
43800.0,74302,-30502
94200.0,76706,17494
218800.0,137561,81239
191900.0,192105,-205
132200.0,104675,27525
46800.0,48350,-1550
149700.0,264247,-114547
126300.0,130493,-4193
255900.0,304576,-48676
94500.0,93960,540
237100.0,224647,12453
500001.0,471036,28965
87500.0,122521,-35021
126600.0,107102,19498
245100.0,228512,16588
157400.0,211898,-54498
78400.0,78959,-559
218100.0,197033,21067
350000.0,190596,159404
198400.0,197551,849
143900.0,138391,5509
337900.0,347890,-9990
76300.0,119810,-43510
160100.0,161834,-1734
130600.0,139566,-8966
112500.0,130192,-17692
329200.0,233540,95660
233300.0,254321,-21021
99200.0,117813,-18613
197900.0,204006,-6106
204100.0,246107,-42007
350000.0,248231,101769
62100.0,67560,-5460
140400.0,201917,-61517
152100.0,286702,-134602
130500.0,96519,33981
195100.0,172974,22126
199500.0,219977,-20477
137500.0,133134,4366
275000.0,226362,48638
122900.0,153542,-30642
109000.0,137126,-28126
121700.0,104950,16750
302000.0,320289,-18289
241700.0,221253,20447
153200.0,169094,-15894
169300.0,266150,-96850
358500.0,430286,-71786
175000.0,185239,-10239
112500.0,138932,-26432
376000.0,355187,20813
118800.0,121646,-2846
401000.0,343966,57034
107900.0,105451,2449
339700.0,343912,-4212
158000.0,168386,-10386
468800.0,387527,81273
63100.0,67224,-4124
184600.0,183509,1091
189700.0,208642,-18942
190900.0,242697,-51797
67500.0,132212,-64712
85300.0,107484,-22184
173600.0,200823,-27223
129700.0,125752,3948
181000.0,184464,-3464
500001.0,499062,939
376200.0,408132,-31932
243000.0,271938,-28938
148200.0,133398,14802
238100.0,270809,-32709
450000.0,348690,101310
240000.0,248348,-8348
500001.0,205381,294620
274100.0,269578,4522
190100.0,215627,-25527
268400.0,267421,979
349300.0,262868,86432
275700.0,276699,-999
182800.0,249593,-66793
500001.0,496631,3370
213200.0,225058,-11858
179500.0,193797,-14297
138500.0,156677,-18177
181300.0,128802,52498
340500.0,355633,-15133
225000.0,193298,31702
68300.0,91489,-23189
237900.0,251414,-13514
149700.0,152111,-2411
125800.0,136449,-10649
87600.0,104554,-16954
125000.0,145510,-20510
168800.0,102782,66018
135000.0,134679,321
86300.0,94830,-8530
64900.0,85960,-21060
106300.0,225330,-119030
285700.0,291960,-6260
272400.0,302699,-30299
217700.0,237031,-19331
91800.0,96039,-4239
163000.0,162129,871
195100.0,182901,12199
32500.0,81825,-49325
275300.0,203751,71549
136900.0,126327,10573
194100.0,196058,-1958
230200.0,197129,33071
143600.0,130443,13157
39600.0,49140,-9540
59800.0,65771,-5971
210700.0,200241,10459
156300.0,117150,39150
215600.0,218919,-3319
177500.0,152395,25105
218900.0,183444,35456
128400.0,124414,3986
190600.0,202680,-12080
398300.0,438344,-40044
367100.0,208688,158412
122500.0,136397,-13897
376100.0,174060,202040
157600.0,166760,-9160
178100.0,141639,36461
72400.0,80415,-8015
287600.0,221725,65875
175000.0,135914,39086
280800.0,222766,58034
160500.0,197744,-37244
158600.0,134310,24290
144300.0,155205,-10905
136300.0,144123,-7823
218200.0,204661,13539
466400.0,417881,48519
386100.0,477778,-91678
251200.0,235767,15433
190400.0,164811,25589
223100.0,224900,-1800
361000.0,280186,80814
275000.0,123802,151198
70800.0,107881,-37081
460000.0,357851,102149
67500.0,76331,-8831
225000.0,112694,112306
176100.0,189308,-13208
52400.0,60020,-7620
167600.0,176365,-8765
99700.0,122635,-22935
88900.0,101684,-12784
223700.0,223667,33
180500.0,194152,-13652
93200.0,102685,-9485
173800.0,176485,-2685
490800.0,466943,23857
104200.0,104013,187
276100.0,298954,-22854
254700.0,299541,-44841
212300.0,219037,-6737
87500.0,72232,15268
94200.0,92214,1986
163500.0,205506,-42006
500001.0,270812,229189
125000.0,194284,-69284
182300.0,149303,32997
111700.0,130294,-18594
146000.0,182025,-36025
500001.0,474498,25503
320500.0,238260,82240
48000.0,50897,-2897
168800.0,224592,-55792
67500.0,69796,-2296
173100.0,169559,3541
150000.0,92714,57286
329200.0,334038,-4838
141000.0,154120,-13120
378000.0,385798,-7798
80200.0,71256,8944
203300.0,199744,3556
394900.0,430832,-35932
84500.0,113390,-28890
327300.0,304916,22384
201200.0,198771,2429
162500.0,239956,-77456
266000.0,327126,-61126
221200.0,228565,-7365
176500.0,206538,-30038
206300.0,192749,13551
500001.0,400747,99254
186700.0,164152,22548
112500.0,219114,-106614
90500.0,81668,8832
190800.0,198572,-7772
198800.0,135675,63125
165600.0,196940,-31340
500001.0,472335,27666
145700.0,171334,-25634
91300.0,104945,-13645
140400.0,154613,-14213
191700.0,185677,6023
61100.0,63902,-2802
153000.0,129555,23445
85500.0,73035,12465
164500.0,177472,-12972
386200.0,392379,-6179
341300.0,355089,-13789
246400.0,249681,-3281
121800.0,140336,-18536
132500.0,165447,-32947
98000.0,100508,-2508
241400.0,191121,50279
171300.0,225511,-54211
120100.0,142093,-21993
500001.0,500001,0
192700.0,175619,17081
232800.0,197379,35421
191800.0,242892,-51092
196300.0,219516,-23216
293900.0,331579,-37679
84600.0,88774,-4174
500001.0,472400,27601
500001.0,434891,65110
107300.0,142305,-35005
150000.0,238088,-88088
204200.0,201650,2550
268300.0,294225,-25925
103500.0,100344,3156
161500.0,154219,7281
222400.0,210811,11589
166900.0,168319,-1419
229200.0,226620,2580
205900.0,220809,-14909
95500.0,57099,38401
162500.0,171162,-8662
240700.0,245378,-4678
82800.0,81625,1175
230200.0,146137,84063
185900.0,199268,-13368
105800.0,122783,-16983
118800.0,148828,-30028
194400.0,185860,8540
183300.0,163819,19481
292500.0,206767,85733
144200.0,146793,-2593
500001.0,410292,89709
134200.0,165078,-30878
52800.0,54212,-1412
188700.0,194980,-6280
204000.0,196464,7536
179500.0,177434,2066
98900.0,103661,-4761
279900.0,266583,13317
327700.0,262528,65172
208000.0,195699,12301
208300.0,193696,14604
112500.0,143256,-30756
234700.0,292897,-58197
214500.0,195572,18928
338500.0,383084,-44584
500001.0,500001,0
284100.0,225855,58245
500001.0,454342,45659
181300.0,181863,-563
125000.0,116393,8607
412500.0,308722,103778
112500.0,75514,36986
90300.0,67915,22385
96000.0,121588,-25588
142500.0,134387,8113
266300.0,270263,-3963
165000.0,153865,11135
118000.0,137278,-19278
156400.0,172565,-16165
426800.0,493593,-66793
308600.0,292050,16550
239200.0,131231,107969
109400.0,122378,-12978
66600.0,75654,-9054
368500.0,367652,848
330500.0,339774,-9274
273600.0,287441,-13841
500001.0,500001,0
321100.0,329774,-8674
242600.0,180111,62489
231900.0,230582,1318
151400.0,206705,-55305
227800.0,171703,56097
380000.0,432231,-52231
95200.0,107300,-12100
193900.0,187490,6410
260700.0,218177,42523
191000.0,172369,18631
64900.0,70270,-5370
128300.0,137262,-8962
189800.0,206122,-16322
183300.0,185654,-2354
151800.0,105126,46674
257300.0,200472,56828
137500.0,90752,46748
125000.0,91047,33953
218100.0,180559,37541
168100.0,175422,-7322
231800.0,175816,55984
149000.0,99746,49254
170300.0,202064,-31764
391300.0,248997,142303
282300.0,322939,-40639
500001.0,425326,74675
135400.0,163070,-27670
328400.0,336259,-7859
350000.0,193001,156999
182300.0,203553,-21253
500001.0,499662,339
192000.0,176944,15056
240800.0,309618,-68818
175000.0,213799,-38799
126400.0,118380,8020
125900.0,141040,-15140
194700.0,197394,-2694
341800.0,354809,-13009
211900.0,169844,42056
137500.0,84232,53268
270600.0,287026,-16426
172300.0,211605,-39305
262100.0,198645,63455
149100.0,160603,-11503
339100.0,305418,33682
248600.0,268892,-20292
128700.0,193098,-64398
343900.0,231477,112423
175000.0,147482,27518
287500.0,327159,-39659
143600.0,160677,-17077
346200.0,336307,9893
232200.0,288189,-55989
200000.0,169670,30330
241500.0,257677,-16177
67500.0,71907,-4407
191700.0,165760,25940
178300.0,183866,-5566
178200.0,178553,-353
133200.0,122998,10202
273800.0,269652,4148
152200.0,176414,-24214
187100.0,224573,-37473
137500.0,163849,-26349
110400.0,138495,-28095
240600.0,253579,-12979
162500.0,143194,19306
83800.0,121598,-37798
265600.0,268697,-3097
211500.0,230694,-19194
173400.0,167790,5610
310000.0,287688,22312
99500.0,92616,6884
191400.0,198045,-6645
220100.0,188640,31460
167300.0,192926,-25626
65000.0,72095,-7095
141800.0,150893,-9093
290600.0,333291,-42691
319200.0,348911,-29711
118800.0,108815,9985
200000.0,194920,5080
219500.0,209127,10373
289400.0,350829,-61429
116400.0,123542,-7142
162300.0,153416,8884
114100.0,123642,-9542
71300.0,80388,-9088
190500.0,200301,-9801
197300.0,194123,3177
72200.0,74428,-2228
103300.0,145264,-41964
143000.0,102144,40856
244900.0,246660,-1760
500001.0,349167,150834
183300.0,116205,67095
86100.0,154506,-68406
218400.0,231123,-12723
110800.0,101455,9345
211300.0,199100,12200
338800.0,331940,6860
123100.0,151384,-28284
269500.0,125987,143513
321400.0,333508,-12108
81900.0,110605,-28705
500001.0,500001,0
304600.0,297176,7424
72900.0,91492,-18592
158000.0,154393,3607
62200.0,67601,-5401
116300.0,112355,3945
314100.0,113701,200399
362500.0,310280,52220
500001.0,439915,60086
74100.0,87908,-13808
150000.0,131537,18463
270000.0,281795,-11795
120800.0,106461,14339
250000.0,264118,-14118
72200.0,77891,-5691
375000.0,199497,175503
239600.0,235419,4181
183300.0,251826,-68526
161200.0,187140,-25940
251000.0,255864,-4864
45500.0,63238,-17738
178100.0,252999,-74899
258900.0,286794,-27894
145800.0,139536,6264
84700.0,85324,-624
216700.0,181387,35313
130400.0,117561,12839
158500.0,146911,11589
117800.0,131300,-13500
215000.0,211174,3826
268600.0,222307,46293
100000.0,106929,-6929
332700.0,412223,-79523
186700.0,191836,-5136
53000.0,59697,-6697
149700.0,153903,-4203
345800.0,341214,4586
124500.0,128040,-3540
475800.0,445932,29868
500001.0,400975,99026
500001.0,500001,0
175900.0,162613,13287
183300.0,206159,-22859
253100.0,335094,-81994
117800.0,135450,-17650
143500.0,148129,-4629
500001.0,459403,40598
142300.0,110712,31588
121000.0,130664,-9664
268800.0,288707,-19907
330200.0,310171,20029
121800.0,140683,-18883
416900.0,376956,39944
266700.0,304350,-37650
189400.0,178505,10895
443600.0,311009,132591
163000.0,168364,-5364
382500.0,321271,61229
106300.0,126733,-20433
57800.0,77713,-19913
57500.0,74921,-17421
238000.0,261346,-23346
218900.0,219921,-1021
118600.0,110100,8500
309100.0,299687,9413
213200.0,187450,25750
180200.0,188256,-8056
470800.0,429313,41487
337200.0,141906,195294
95300.0,108284,-12984
103900.0,126309,-22409
500001.0,224192,275809
215000.0,224348,-9348
189400.0,196225,-6825
171400.0,176778,-5378
357000.0,327761,29239
196200.0,189934,6266
98500.0,100095,-1595
178800.0,210030,-31230
226600.0,234456,-7856
171400.0,198306,-26906
271400.0,261625,9775
216800.0,251378,-34578
67900.0,107545,-39645
171300.0,148992,22308
110900.0,183545,-72645
332500.0,246409,86091
150000.0,129222,20778
173400.0,189705,-16305
237500.0,261720,-24220
65800.0,68848,-3048
173100.0,193909,-20809
321200.0,319917,1283
265000.0,256665,8335
87500.0,90014,-2514
210300.0,214024,-3724
247800.0,257048,-9248
375700.0,426351,-50651
113700.0,128087,-14387
500001.0,417636,82365
45600.0,51146,-5546
130600.0,96775,33825
198600.0,283626,-85026
436700.0,456169,-19469
92600.0,134240,-41640
150000.0,128792,21208
359900.0,340152,19748
500001.0,492179,7822
93800.0,180648,-86848
383300.0,372506,10794
191700.0,146213,45487
267200.0,260092,7108
280200.0,207918,72282
52100.0,54753,-2653
110200.0,108839,1361
164600.0,111059,53541
324800.0,390937,-66137
122700.0,157283,-34583
216700.0,283905,-67205
73600.0,102104,-28504
254100.0,295590,-41490
187500.0,159680,27820
166000.0,182887,-16887
157900.0,172773,-14873
193800.0,175716,18084
140800.0,150735,-9935
95300.0,85569,9731
227000.0,309104,-82104
265600.0,337253,-71653
90200.0,129827,-39627
183200.0,203653,-20453
184600.0,161010,23590
162500.0,149196,13304
125000.0,134875,-9875
97200.0,110252,-13052
355300.0,291764,63536
136200.0,150406,-14206
125000.0,186217,-61217
305600.0,323049,-17449
176600.0,157613,18987
348600.0,375736,-27136
299200.0,240103,59097
72100.0,115625,-43525
109500.0,125339,-15839
281100.0,256112,24988
156300.0,187118,-30818
234200.0,216661,17539
59700.0,69544,-9844
250000.0,288366,-38366
203300.0,243119,-39819
173100.0,203221,-30121
300300.0,291874,8426
238000.0,239182,-1182
179000.0,194354,-15354
166000.0,177640,-11640
160700.0,172225,-11525
147500.0,171437,-23937
192100.0,179438,12662
56400.0,47450,8950
304800.0,312253,-7453
439800.0,392661,47139
137500.0,125115,12385
137500.0,149246,-11746
134600.0,152472,-17872
262500.0,258265,4235
83400.0,94197,-10797
113500.0,103331,10169
71400.0,100019,-28619
204500.0,227330,-22830
282400.0,364249,-81849
145700.0,153686,-7986
264700.0,315014,-50314
275000.0,265235,9765
171600.0,171499,101
216700.0,255040,-38340
180700.0,182033,-1333
212500.0,110419,102081
167700.0,142680,25020
42500.0,52558,-10058
238400.0,226742,11658
144000.0,89321,54679
43600.0,53826,-10226
363500.0,281970,81530
186200.0,192013,-5813
67500.0,64705,2795
159600.0,234710,-75110
195600.0,195497,103
154800.0,179378,-24578
450700.0,444643,6057
69900.0,62794,7106
132200.0,148541,-16341
328000.0,352503,-24503
272800.0,280245,-7445
66300.0,124053,-57753
129300.0,133420,-4120
77100.0,64697,12403
155500.0,132952,22548
126000.0,149109,-23109
240300.0,232725,7575
133000.0,139209,-6209
94900.0,113544,-18644
203900.0,272086,-68186
61000.0,63725,-2725
139200.0,131422,7778
229200.0,244548,-15348
260600.0,285390,-24790
251100.0,310513,-59413
327600.0,249698,77902
167900.0,189623,-21723
212000.0,229511,-17511
233300.0,225978,7322
255400.0,293676,-38276
67500.0,97727,-30227
162000.0,192293,-30293
117200.0,148941,-31741
109700.0,118373,-8673
275000.0,126145,148855
111800.0,136078,-24278
166000.0,241777,-75777
92700.0,85004,7696
186000.0,199783,-13783
97300.0,137766,-40466
241300.0,314119,-72819
258500.0,250891,7609
138200.0,154480,-16280
196100.0,220966,-24866
419200.0,468737,-49537
138800.0,165467,-26667
376600.0,448909,-72309
165100.0,173015,-7915
181800.0,190525,-8725
211800.0,165181,46619
112500.0,126959,-14459
144300.0,121743,22557
222000.0,211179,10821
53600.0,54307,-707
130800.0,142655,-11855
227600.0,249504,-21904
275000.0,349145,-74145
191900.0,181299,10601
64100.0,67504,-3404
68100.0,117541,-49441
255200.0,268261,-13061
244100.0,271696,-27596
337000.0,261221,75779
208300.0,200898,7402
500001.0,490923,9078
172100.0,184792,-12692
128900.0,84863,44037
144900.0,164185,-19285
72000.0,55836,16164
142900.0,141489,1411
436100.0,282233,153867
204200.0,187232,16968
195700.0,219571,-23871
90500.0,114434,-23934
236100.0,175612,60488
186900.0,193544,-6644
162500.0,151381,11119
112500.0,125452,-12952
58000.0,57155,845
307400.0,412558,-105158
353800.0,455294,-101494
290900.0,276371,14529
358600.0,395738,-37138
246200.0,212108,34092
72100.0,94799,-22699
107500.0,133405,-25905
78600.0,84211,-5611
187600.0,193799,-6199
97900.0,120885,-22985
186600.0,185875,725
196900.0,196591,309
111500.0,85961,25539
156300.0,198800,-42500
218200.0,262212,-44012
293500.0,462641,-169141
59000.0,110768,-51768
162800.0,168547,-5747
102900.0,105482,-2582
54300.0,66903,-12603
166300.0,150201,16099
152500.0,184940,-32440
142600.0,156486,-13886
150000.0,130228,19772
84400.0,99386,-14986
210000.0,248426,-38426
137500.0,133184,4316
350000.0,265324,84676
171900.0,140240,31660
143100.0,158485,-15385
452300.0,382577,69723
176000.0,172372,3628
112700.0,122512,-9812
68400.0,80310,-11910
190700.0,189155,1545
331800.0,382067,-50267
184000.0,170393,13607
162500.0,123329,39171
129400.0,146086,-16686
172800.0,138800,34000
191100.0,167992,23108
294900.0,303992,-9092
188600.0,200646,-12046
63800.0,67724,-3924
466100.0,451817,14283
186800.0,186607,193
139300.0,139598,-298
330300.0,350264,-19964
284800.0,261480,23320
198800.0,230502,-31702
69300.0,79405,-10105
145500.0,150555,-5055
166200.0,166981,-781
273800.0,292706,-18906
149000.0,141044,7956
215400.0,244446,-29046
287800.0,373950,-86150
406300.0,278718,127582
160300.0,180886,-20586
240000.0,303698,-63698
60900.0,120043,-59143
142300.0,157749,-15449
84800.0,98770,-13970
205400.0,272425,-67025
396800.0,356339,40461
135400.0,178966,-43566
115400.0,136958,-21558
162500.0,227631,-65131
425000.0,240588,184412
114300.0,105842,8458
500001.0,499082,919
500001.0,482150,17851
48700.0,57014,-8314
294700.0,256889,37811
300500.0,282274,18226
343200.0,263371,79829
92000.0,151503,-59503
278100.0,279656,-1556
380900.0,401936,-21036
339800.0,281709,58091
96800.0,117451,-20651
270000.0,260470,9530
190000.0,218790,-28790
181300.0,177259,4041
100600.0,99228,1372
170800.0,129697,41103
152700.0,138839,13861
353600.0,340222,13378
200000.0,291712,-91712
213400.0,233884,-20484
153100.0,126936,26164
379700.0,342111,37589
275000.0,231343,43657
78600.0,110419,-31819
188300.0,249947,-61647
138000.0,152356,-14356
500001.0,496128,3873
197400.0,174985,22415
244600.0,265612,-21012
165300.0,183527,-18227
300400.0,304330,-3930
88200.0,119325,-31125
500001.0,494183,5818
163100.0,153015,10085
191900.0,193372,-1472
355300.0,321396,33904
430300.0,327094,103206
42700.0,55712,-13012
378100.0,369870,8230
264000.0,223549,40451
111900.0,145502,-33602
224500.0,203967,20533
125000.0,136193,-11193
64100.0,75744,-11644
88400.0,86027,2373
389200.0,371195,18005
193800.0,132500,61300
500001.0,400578,99423
187500.0,417913,-230413
210300.0,202264,8036
212800.0,231986,-19186
177500.0,192202,-14702
181300.0,130080,51220
159500.0,181274,-21774
177500.0,159418,18082
116100.0,119515,-3415
500001.0,360660,139341
162500.0,160527,1973
135500.0,156911,-21411
99600.0,110846,-11246
118500.0,117879,621
156900.0,140076,16824
147200.0,138506,8694
85800.0,79146,6654
500001.0,336554,163447
170900.0,170330,570
257900.0,390649,-132749
164300.0,174422,-10122
438900.0,411408,27492
98000.0,102678,-4678
288700.0,315245,-26545
203200.0,223803,-20603
283600.0,277031,6569
162500.0,262375,-99875
95300.0,115233,-19933
161700.0,152276,9424
187500.0,175858,11642
158000.0,162017,-4017
456100.0,373278,82822
102900.0,97749,5151
165400.0,193987,-28587
54400.0,54361,39
147200.0,146393,807
95000.0,103545,-8545
143000.0,247841,-104841
97200.0,123055,-25855
112900.0,123308,-10408
173300.0,203983,-30683
393100.0,288627,104473
63000.0,82121,-19121
297300.0,288049,9251
242100.0,200964,41136
293900.0,389351,-95451
113100.0,103751,9349
137200.0,129080,8120
297100.0,175761,121339
243500.0,237379,6121
98800.0,102521,-3721
244800.0,243456,1344
327800.0,279667,48133
437500.0,394967,42533
163500.0,144598,18902
102400.0,121063,-18663
112200.0,109477,2723
165900.0,191764,-25864
250000.0,242859,7141
158100.0,191449,-33349
87500.0,104687,-17187
135000.0,137805,-2805
79500.0,109135,-29635
162100.0,110850,51250
228400.0,201119,27281
140600.0,157917,-17317
71300.0,188454,-117154
266300.0,249296,17004
81300.0,77033,4267
185000.0,240653,-55653
329300.0,405153,-75853
168800.0,146777,22023
110400.0,132763,-22363
500001.0,344332,155669
85700.0,92583,-6883
63300.0,56206,7094
500001.0,500001,0
183800.0,185830,-2030
150700.0,141367,9333
242900.0,246185,-3285
326700.0,343638,-16938
220400.0,183776,36624
240700.0,223777,16923
500001.0,494328,5673
98400.0,112896,-14496
166900.0,190121,-23221
205400.0,222189,-16789
90100.0,97334,-7234
189800.0,149249,40551
162500.0,117469,45031
333700.0,245405,88295
85100.0,78616,6484
134400.0,120019,14381
144600.0,186184,-41584
215000.0,184668,30332
97500.0,130953,-33453
210000.0,240509,-30509
312000.0,330977,-18977
300000.0,273595,26405
202400.0,214160,-11760
254100.0,316397,-62297
116000.0,115947,53
167000.0,176301,-9301
396900.0,324026,72874
227000.0,190294,36706
500001.0,413942,86059
500001.0,492403,7598
199000.0,210978,-11978
369100.0,347564,21536
22500.0,73465,-50965
95700.0,104308,-8608
365900.0,443700,-77800
215800.0,219163,-3363
205500.0,187674,17826
500001.0,403067,96934
250800.0,234574,16226
363600.0,413216,-49616
294200.0,321136,-26936
171400.0,150255,21145
261300.0,301472,-40172
114900.0,118866,-3966
258400.0,210804,47596
106300.0,87800,18500
98900.0,95980,2920
242000.0,218457,23543
146100.0,169387,-23287
154600.0,196069,-41469
197500.0,167364,30136
289600.0,305508,-15908
325700.0,308650,17050
53300.0,56159,-2859
87800.0,84540,3260
178300.0,175370,2930
197100.0,196924,176
123400.0,153157,-29757
292900.0,312703,-19803
109800.0,122147,-12347
124200.0,125834,-1634
57300.0,54465,2835
404700.0,339130,65570
187500.0,235732,-48232
63700.0,75673,-11973
101200.0,120890,-19690
500000.0,479295,20705
45500.0,62075,-16575
463500.0,309928,153572
181300.0,278033,-96733
307400.0,271494,35906
371800.0,429650,-57850
56000.0,70427,-14427
289300.0,217306,71994
128200.0,146499,-18299
271400.0,268531,2869
182100.0,187927,-5827
219400.0,233596,-14196
78400.0,79699,-1299
96100.0,118848,-22748
394700.0,402016,-7316
222500.0,218560,3940
87500.0,98860,-11360
137500.0,144595,-7095
246100.0,193347,52753
175700.0,173843,1857
164100.0,142026,22074
132800.0,122272,10528
129200.0,68362,60838
224100.0,201090,23010
103900.0,94177,9723
112800.0,104717,8083
243800.0,336191,-92391
88600.0,88792,-192
186100.0,247174,-61074
186100.0,107773,78327
160900.0,143573,17327
149200.0,148953,247
76400.0,74680,1720
500001.0,337531,162470
95600.0,130136,-34536
237500.0,356281,-118781
418300.0,361437,56863
197500.0,174708,22792
66400.0,69057,-2657
269000.0,388158,-119158
219000.0,297365,-78365
156900.0,167406,-10506
134200.0,164193,-29993
204200.0,163976,40224
218800.0,293900,-75100
181800.0,262213,-80413
168500.0,190753,-22253
299200.0,250434,48766
166000.0,152678,13322
193500.0,166452,27048
212500.0,223413,-10913
386200.0,273307,112893
268400.0,258563,9837
128100.0,215814,-87714
271200.0,307556,-36356
88400.0,116344,-27944
101500.0,95109,6391
495500.0,409140,86360
167300.0,165682,1618
141300.0,198145,-56845
500001.0,497805,2196
321300.0,373707,-52407
82100.0,79850,2250
92900.0,107157,-14257
168000.0,169196,-1196
135000.0,145385,-10385
243100.0,267319,-24219
157100.0,120031,37069
97900.0,120534,-22634
177700.0,174411,3289
131800.0,128827,2973
268800.0,361195,-92395
314300.0,235969,78331
183600.0,230016,-46416
100000.0,56336,43664
232200.0,221910,10290
138100.0,135075,3025
162500.0,163861,-1361
457300.0,323950,133350
139200.0,149882,-10682
244500.0,272768,-28268
61600.0,56875,4725
237000.0,214147,22853
112500.0,119731,-7231
122300.0,96708,25592
500001.0,310208,189793
110100.0,147710,-37610
300900.0,352709,-51809
167500.0,135059,32441
246400.0,235956,10444
279300.0,370709,-91409
414000.0,289177,124823
58700.0,56831,1869
294900.0,343106,-48206
365200.0,371552,-6352
368300.0,342977,25323
239200.0,212695,26505
121400.0,193798,-72398
215000.0,253581,-38581
113900.0,125037,-11137
236400.0,238165,-1765
171700.0,169206,2494
248500.0,214483,34017
58200.0,65195,-6995
67800.0,88195,-20395
75700.0,78403,-2703
178000.0,167070,10930
60400.0,60249,151
226100.0,259568,-33468
179500.0,205616,-26116
158200.0,211762,-53562
278600.0,242642,35958
480800.0,392339,88461
192300.0,178420,13880
141700.0,119035,22665
330800.0,257868,72932
100000.0,93131,6869
103200.0,123428,-20228
53500.0,59087,-5587
185700.0,154775,30925
192900.0,193382,-482
256000.0,294827,-38827
138500.0,136943,1557
69600.0,101742,-32142
246800.0,283006,-36206
265900.0,286260,-20360
162500.0,129453,33047
322700.0,386827,-64127
148900.0,217221,-68321
429000.0,438646,-9646
500001.0,477949,22052
254100.0,235296,18804
328100.0,272539,55561
169100.0,205934,-36834
255400.0,224409,30991
76400.0,84182,-7782
151400.0,202519,-51119
311100.0,296394,14706
187500.0,268646,-81146
213200.0,237825,-24625
208300.0,174083,34217
202800.0,240032,-37232
90100.0,102195,-12095
92400.0,137366,-44966
136500.0,114667,21833
92200.0,100411,-8211
79400.0,83960,-4560
95500.0,104242,-8742
249200.0,284746,-35546
111700.0,129587,-17887
190600.0,211505,-20905
191800.0,196723,-4923
500001.0,456463,43538
50800.0,67266,-16466
163500.0,107835,55665
368900.0,347071,21829
57000.0,64179,-7179
75000.0,143822,-68822
229000.0,230307,-1307
340900.0,278098,62802
276600.0,341901,-65301
188400.0,192731,-4331
73900.0,81258,-7358
150000.0,188427,-38427
147100.0,125963,21137
186300.0,185642,658
234900.0,251153,-16253
122500.0,126397,-3897
398900.0,330980,67920
250000.0,350928,-100928
113600.0,155833,-42233
244800.0,236848,7952
225000.0,217202,7798
186900.0,297489,-110589
309700.0,358063,-48363
130600.0,151887,-21287
342300.0,291515,50785
65000.0,69233,-4233
278900.0,206673,72227
168800.0,276651,-107851
418400.0,294915,123485
109000.0,136936,-27936
160100.0,172295,-12195
345000.0,325069,19931
418800.0,385104,33696
209100.0,190341,18759
97500.0,92952,4548
500001.0,473084,26917
108600.0,92456,16144
133300.0,165439,-32139
50900.0,58100,-7200
311600.0,337937,-26337
365500.0,365367,133
175000.0,243465,-68465
170300.0,145224,25076
279500.0,279466,34
125900.0,180638,-54738
155700.0,170300,-14600
83300.0,89713,-6413
156300.0,223111,-66811
214800.0,248525,-33725
110300.0,68123,42177
165000.0,122307,42693
349500.0,304729,44771
500001.0,498926,1075
125700.0,117003,8697
193100.0,206503,-13403
500001.0,496877,3124
199600.0,227919,-28319
500001.0,414152,85849
163400.0,172785,-9385
137500.0,175430,-37930
121500.0,138167,-16667
381200.0,360248,20952
111900.0,133096,-21196
58000.0,85456,-27456
63800.0,88660,-24860
363200.0,333694,29506
206400.0,226994,-20594
370800.0,291399,79401
81800.0,97594,-15794
271500.0,290397,-18897
197000.0,211844,-14844
73400.0,73606,-206
301700.0,351828,-50128
119600.0,165557,-45957
258100.0,228261,29839
17500.0,264012,-246512
145700.0,206471,-60771
102000.0,95994,6006
400000.0,397018,2982
99200.0,98300,900
485400.0,341612,143788
477100.0,479047,-1947
66900.0,58395,8505
375400.0,451044,-75644
169600.0,229474,-59874
247600.0,285978,-38378
164700.0,173139,-8439
309400.0,316485,-7085
185300.0,212978,-27678
230200.0,265859,-35659
156100.0,156593,-493
302500.0,317778,-15278
97800.0,109380,-11580
251300.0,260209,-8909
281300.0,291336,-10036
153100.0,118768,34332
355600.0,353458,2142
101300.0,96688,4612
266000.0,225793,40207
160700.0,130647,30053
305800.0,310657,-4857
147500.0,118713,28787
186300.0,190558,-4258
162600.0,184798,-22198
484700.0,458038,26662
175000.0,230737,-55737
127200.0,133955,-6755
365100.0,244792,120308
236500.0,201032,35468
214000.0,262080,-48080
225800.0,292828,-67028
128900.0,118441,10459
73500.0,137800,-64300
114700.0,165055,-50355
175000.0,212932,-37932
318100.0,219489,98611
331200.0,322299,8901
192500.0,221027,-28527
159500.0,146905,12595
162700.0,168220,-5520
67300.0,107060,-39760
212900.0,199338,13562
140600.0,165197,-24597
186500.0,144297,42203
393200.0,438583,-45383
55300.0,63832,-8532
409800.0,391855,17945
191800.0,244255,-52455
99500.0,125973,-26473
175000.0,151920,23080
158000.0,147107,10893
106900.0,105110,1790
277200.0,240380,36820
326700.0,322413,4287
96000.0,69924,26076
431800.0,500001,-68201
172200.0,194522,-22322
112500.0,134319,-21819
225000.0,90084,134916
259500.0,242481,17019
291500.0,280218,11282
50400.0,69334,-18934
150000.0,246888,-96888
224600.0,236754,-12154
130600.0,145318,-14718
69700.0,84409,-14709
353000.0,303915,49085
231200.0,330678,-99478
205100.0,163352,41748
398100.0,384069,14031
141300.0,151706,-10406
173300.0,133007,40293
127900.0,121988,5912
289500.0,263211,26289
95900.0,129818,-33918
133400.0,170182,-36782
146800.0,175842,-29042
181300.0,222570,-41270
54600.0,79458,-24858
55500.0,55682,-182
150000.0,194888,-44888
102800.0,105665,-2865
93300.0,101923,-8623
123100.0,138505,-15405
231800.0,127890,103910
159500.0,169576,-10076
108300.0,101203,7097
43100.0,52709,-9609
105600.0,97726,7874
168300.0,179453,-11153
28300.0,161874,-133574
282900.0,287220,-4320
234300.0,223678,10622
212500.0,96664,115836
205600.0,209763,-4163
150000.0,158439,-8439
193000.0,162602,30398
14999.0,241535,-226536
170000.0,173792,-3792
168300.0,172513,-4213
93500.0,113491,-19991
191800.0,205633,-13833
181500.0,216457,-34957
195400.0,214904,-19504
121900.0,170471,-48571
142600.0,171738,-29138
158300.0,132480,25820
165300.0,150881,14419
155000.0,141450,13550
92100.0,109544,-17444
68100.0,67391,709
276300.0,253725,22575
335200.0,411942,-76742
121100.0,149522,-28422
177100.0,141545,35555
187500.0,152630,34870
192000.0,201592,-9592
301200.0,310208,-9008
159100.0,158668,432
500001.0,500001,0
273700.0,290764,-17064
233900.0,258779,-24879
500001.0,255831,244170
222800.0,249900,-27100
140200.0,140449,-249
159800.0,168246,-8446
118800.0,139855,-21055
500001.0,367723,132278
105500.0,141226,-35726
217800.0,204478,13322
187500.0,215486,-27986
287300.0,394822,-107522
131000.0,117549,13451
55800.0,67407,-11607
161900.0,180483,-18583
253600.0,212238,41362
155000.0,156294,-1294
311500.0,300001,11499
87800.0,68462,19338
105800.0,124093,-18293
137000.0,159331,-22331
156300.0,160294,-3994
154700.0,148035,6665
167400.0,156183,11217
457800.0,410140,47660
500001.0,407827,92174
188300.0,254691,-66391
442900.0,301884,141016
500001.0,500001,0
500001.0,478600,21401
187500.0,219401,-31901
57400.0,58914,-1514
387500.0,336775,50725
272000.0,300925,-28925
167600.0,140979,26621
403700.0,305458,98242
191700.0,147930,43770
500001.0,278881,221120
187100.0,197715,-10615
96400.0,135846,-39446
92400.0,128870,-36470
213900.0,198091,15809
155000.0,222465,-67465
133000.0,162615,-29615
275000.0,188440,86560
238500.0,199247,39253
158300.0,151754,6546
70500.0,82981,-12481
222300.0,196631,25669
411900.0,366158,45742
185100.0,199729,-14629
500001.0,333061,166940
139800.0,141018,-1218
178100.0,180140,-2040
159300.0,168664,-9364
125000.0,107898,17102
197100.0,261646,-64546
64000.0,68133,-4133
194600.0,205317,-10717
162500.0,161147,1353
84400.0,64060,20340
61300.0,146626,-85326
368200.0,337307,30893
122100.0,125689,-3589
86100.0,87728,-1628
209900.0,229369,-19469
170800.0,163704,7096
175000.0,178101,-3101
126600.0,120082,6518
282200.0,248692,33508
207700.0,236080,-28380
104200.0,166014,-61814
214300.0,237622,-23322
80300.0,74221,6079
273100.0,211911,61189
237500.0,252224,-14724
73800.0,100854,-27054
184400.0,176908,7492
342000.0,412459,-70459
129700.0,128972,728
224000.0,258734,-34734
156900.0,129414,27486
394900.0,293992,100908
157700.0,181236,-23536
119900.0,118598,1302
316900.0,378799,-61899
212500.0,270543,-58043
68300.0,67046,1254
165100.0,165899,-799
93600.0,99630,-6030
88800.0,94011,-5211
184700.0,197227,-12527
327100.0,353936,-26836
134300.0,123600,10700
500001.0,275262,224739
162100.0,183305,-21205
500001.0,500001,0
229200.0,243654,-14454
112500.0,76105,36395
354200.0,323076,31124
362100.0,356085,6015
162500.0,80641,81859
100500.0,113471,-12971
67700.0,95009,-27309
57100.0,55251,1849
164800.0,228216,-63416
204200.0,211011,-6811
342400.0,297369,45031
181500.0,159580,21920
304500.0,365932,-61432
235300.0,244579,-9279
105300.0,198171,-92871
291400.0,317584,-26184
159600.0,200902,-41302
111800.0,134373,-22573
119600.0,125415,-5815
329700.0,268368,61332
136700.0,167428,-30728
101400.0,95400,6000
118600.0,111805,6795
133300.0,164815,-31515
52500.0,54712,-2212
234600.0,273386,-38786
75000.0,96455,-21455
176300.0,171716,4584
346800.0,315572,31228
251800.0,236359,15441
54200.0,63570,-9370
67500.0,132777,-65277
142500.0,149812,-7312
101600.0,116277,-14677
227300.0,325607,-98307
337200.0,342269,-5069
118800.0,289303,-170503
67500.0,85838,-18338
202000.0,211485,-9485
94200.0,94785,-585
96200.0,100481,-4281
225000.0,256450,-31450
258700.0,202475,56225
103100.0,119855,-16755
117200.0,137297,-20097
164800.0,124304,40496
144000.0,157428,-13428
500001.0,426251,73750
155400.0,158500,-3100
114700.0,114048,652
123100.0,147924,-24824
226800.0,203562,23238
180400.0,159678,20722
310900.0,334280,-23380
148800.0,165943,-17143
84700.0,99498,-14798
63700.0,71203,-7503
262000.0,247877,14123
438100.0,420269,17831
226500.0,239974,-13474
87600.0,88663,-1063
345500.0,365293,-19793
140100.0,125229,14871
366700.0,315378,51322
270800.0,240580,30220
168800.0,220796,-51996
293800.0,277152,16648
251800.0,269917,-18117
85100.0,79831,5269
267500.0,296869,-29369
140900.0,151772,-10872
285500.0,199170,86330
151300.0,144517,6783
225000.0,351642,-126642
44600.0,80888,-36288
450000.0,208047,241953
229300.0,272397,-43097
225000.0,74282,150718
138000.0,168375,-30375
96900.0,76010,20890
161200.0,212314,-51114
144300.0,153095,-8795
450000.0,318417,131583
122500.0,114148,8352
248700.0,224933,23767
134200.0,146686,-12486
348100.0,334974,13126
78300.0,103975,-25675
107800.0,97858,9942
146900.0,134959,11941
188300.0,211658,-23358
162500.0,189794,-27294
58600.0,63107,-4507
183700.0,197662,-13962
180400.0,196364,-15964
175000.0,169176,5824
137200.0,188448,-51248
110000.0,280898,-170898
233400.0,241481,-8081
128300.0,140113,-11813
350000.0,289728,60272
155200.0,171650,-16450
256700.0,228273,28427
85900.0,103258,-17358
73200.0,79665,-6465
258300.0,266185,-7885
62800.0,63698,-898
485000.0,319082,165918
124000.0,142056,-18056
158500.0,190253,-31753
97300.0,100390,-3090
186700.0,196346,-9646
344100.0,350259,-6159
166700.0,167177,-477
108900.0,107316,1584
482900.0,363754,119146
204400.0,279241,-74841
230700.0,269023,-38323
53000.0,64362,-11362
178500.0,189540,-11040
500001.0,359300,140701
500001.0,402461,97540
84900.0,68461,16439
500001.0,403482,96519
246800.0,256024,-9224
156300.0,151938,4362
234600.0,149375,85225
48800.0,66062,-17262
145800.0,132196,13604
271500.0,283959,-12459
500001.0,342910,157091
87500.0,130503,-43003
69100.0,58529,10571
139300.0,125933,13367
273400.0,246952,26448
229700.0,241884,-12184
68200.0,65987,2213
114300.0,136580,-22280
159900.0,233077,-73177
116600.0,102650,13950
209900.0,221934,-12034
68900.0,67677,1223
101400.0,111739,-10339
214000.0,194299,19701
355300.0,354881,419
90300.0,117162,-26862
159300.0,172220,-12920
63900.0,71415,-7515
218200.0,248446,-30246
253600.0,240245,13355
81300.0,142550,-61250
188600.0,210782,-22182
165400.0,229743,-64343
106300.0,152054,-45754
210100.0,216047,-5947
147600.0,142194,5406
112500.0,239827,-127327
175000.0,175926,-926
156600.0,172981,-16381
117300.0,135275,-17975
229200.0,218598,10602
350000.0,208931,141069
171900.0,154536,17364
199300.0,208097,-8797
251600.0,267252,-15652
300000.0,298568,1432
158900.0,172455,-13555
216800.0,253777,-36977
198000.0,239575,-41575
356100.0,373329,-17229
192300.0,187886,4414
314500.0,303263,11237
50000.0,62629,-12629
162500.0,189528,-27028
167100.0,167293,-193
138800.0,128077,10723
147600.0,163042,-15442
238500.0,209171,29329
110700.0,118879,-8179
333800.0,343189,-9389
192100.0,216993,-24893
294000.0,262082,31918
154500.0,174759,-20259
151900.0,161817,-9917
500001.0,500001,0
322900.0,273856,49044
165600.0,211701,-46101
221200.0,223780,-2580
170400.0,194163,-23763
198700.0,215944,-17244
162500.0,153879,8621
411200.0,427181,-15981
335500.0,305879,29621
149100.0,148979,121
381500.0,414551,-33051
183900.0,187072,-3172
91200.0,130835,-39635
411500.0,348220,63280
220300.0,222569,-2269
158100.0,156845,1255
69600.0,74871,-5271
270500.0,287310,-16810
261600.0,221752,39848
389500.0,362415,27085
75000.0,130353,-55353
177600.0,214054,-36454
170400.0,148303,22097
154200.0,145948,8252
131900.0,150405,-18505
44400.0,59728,-15328
145000.0,146317,-1317
224100.0,274946,-50846
187500.0,163638,23862
192900.0,213549,-20649
88600.0,93534,-4934
183900.0,179386,4514
225000.0,264080,-39080
182800.0,145895,36905
137600.0,153159,-15559
265300.0,276336,-11036
36600.0,57469,-20869
125500.0,144834,-19334
138600.0,160150,-21550
487100.0,383769,103331
178600.0,167744,10856
134500.0,151379,-16879
306700.0,361470,-54770
115800.0,132961,-17161
91400.0,114912,-23512
210900.0,201099,9801
259200.0,285654,-26454
347300.0,367250,-19950
168400.0,133867,34533
150900.0,142542,8358
113500.0,111666,1834
302600.0,287496,15104
423300.0,327886,95414
492200.0,451447,40753
190600.0,192968,-2368
245000.0,158335,86665
55700.0,81863,-26163
84000.0,92017,-8017
275000.0,269454,5546
189600.0,185759,3841
275900.0,226030,49870
319800.0,348123,-28323
291700.0,230507,61193
67900.0,65846,2054
189000.0,192433,-3433
90000.0,145970,-55970
335000.0,247408,87592
176700.0,186189,-9489
98500.0,110902,-12402
200600.0,199980,620
60200.0,62370,-2170
191900.0,201379,-9479
191100.0,197141,-6041
337300.0,331707,5593
225000.0,323184,-98184
290600.0,232687,57913
121500.0,139518,-18018
293200.0,336202,-43002
107000.0,126800,-19800
266400.0,255228,11172
76900.0,112331,-35431
220300.0,152122,68178
101100.0,104877,-3777
474600.0,384088,90512
65300.0,81793,-16493
113700.0,119563,-5863
214200.0,196497,17703
216700.0,215091,1609
198400.0,208844,-10444
212200.0,190141,22059
222700.0,417248,-194548
265900.0,249218,16682
37500.0,80768,-43268
265000.0,286419,-21419
108700.0,122436,-13736
46700.0,50554,-3854
187500.0,237882,-50382
61600.0,78238,-16638
343000.0,322493,20507
166000.0,175710,-9710
500001.0,328654,171347
137500.0,195148,-57648
90600.0,107703,-17103
77000.0,83318,-6318
148100.0,157966,-9866
91600.0,124309,-32709
150900.0,181948,-31048
155100.0,169312,-14212
89200.0,86076,3124
215400.0,168776,46624
55100.0,68139,-13039
197400.0,190997,6403
154400.0,172864,-18464
141700.0,146387,-4687
98400.0,97887,513
152600.0,158566,-5966
109600.0,119080,-9480
171300.0,180165,-8865
104100.0,110185,-6085
153900.0,160964,-7064
270000.0,253725,16275
286500.0,309948,-23448
335000.0,256324,78676
137700.0,150036,-12336
232000.0,227523,4477
393800.0,365515,28285
70300.0,90486,-20186
141700.0,158644,-16944
156300.0,157233,-933
450000.0,312726,137274
199800.0,197151,2649
95300.0,112564,-17264
86900.0,100622,-13722
187500.0,179102,8398
221800.0,270695,-48895
58800.0,57900,900
134400.0,175622,-41222
238600.0,275274,-36674
160900.0,177272,-16372
136400.0,175213,-38813
144000.0,162276,-18276
159300.0,190241,-30941
155300.0,171039,-15739
142600.0,158966,-16366
120700.0,104739,15961
126200.0,164284,-38084
213400.0,210897,2503
116900.0,137823,-20923
185800.0,175591,10209
356000.0,398393,-42393
150000.0,119239,30761
88900.0,85272,3628
259100.0,256040,3060
500001.0,420969,79032
127600.0,113707,13893
69900.0,94436,-24536
137000.0,192204,-55204
273700.0,274206,-506
92000.0,97638,-5638
118300.0,167863,-49563
410800.0,489210,-78410
100500.0,106945,-6445
492900.0,387379,105521
118500.0,123750,-5250
113500.0,122256,-8756
89900.0,104249,-14349
500001.0,432386,67615
500001.0,500001,0
146300.0,273903,-127603
113500.0,120062,-6562
275000.0,306963,-31963
102500.0,130088,-27588
147100.0,174533,-27433
225000.0,200037,24963
139400.0,198718,-59318
175800.0,194782,-18982
57000.0,73347,-16347
269600.0,190686,78914
272900.0,293688,-20788
76200.0,88445,-12245
484100.0,454430,29670
180600.0,157390,23210
238000.0,198234,39766
137500.0,140017,-2517
186300.0,163234,23066
192900.0,251605,-58705
84500.0,63529,20971
107600.0,144726,-37126
55500.0,67305,-11805
265300.0,249901,15399
388300.0,399369,-11069
482700.0,380716,101984
198100.0,267075,-68975
92700.0,77670,15030
346200.0,333526,12674
38800.0,61143,-22343
56700.0,70794,-14094
123700.0,180023,-56323
93800.0,97785,-3985
93200.0,114866,-21666
44000.0,67194,-23194
69200.0,101123,-31923
301800.0,317421,-15621
254200.0,268560,-14360
209800.0,247693,-37893
184500.0,211972,-27472
73400.0,92545,-19145
339000.0,341862,-2862
93100.0,90777,2323
202300.0,181143,21157
133300.0,87740,45560
270700.0,264583,6117
240200.0,271570,-31370
139300.0,119738,19562
57000.0,70840,-13840
170700.0,131877,38823
119200.0,105893,13307
177300.0,212550,-35250
289600.0,349035,-59435
297600.0,220384,77216
109900.0,111516,-1616
147500.0,143566,3934
78700.0,95128,-16428
160300.0,182589,-22289
77700.0,101820,-24120
473500.0,461686,11814
500001.0,486048,13953
133100.0,139531,-6431
93500.0,84680,8820
280100.0,286853,-6753
256700.0,252393,4307
288000.0,273859,14141
161100.0,171064,-9964
137000.0,162945,-25945
62000.0,80071,-18071
443800.0,463295,-19495
68300.0,73658,-5358
262100.0,292959,-30859
109400.0,102723,6677
409300.0,406836,2464
175200.0,255858,-80658
147700.0,153246,-5546
287500.0,232615,54885
93200.0,125649,-32449
93800.0,162111,-68311
172400.0,178121,-5721
318600.0,338794,-20194
185200.0,165920,19280
65200.0,64208,992
179700.0,118044,61656
159200.0,166466,-7266
151900.0,167164,-15264
71700.0,111832,-40132
245200.0,157174,88026
228300.0,323096,-94796
196400.0,224590,-28190
192400.0,219723,-27323
65900.0,62423,3477
282300.0,190677,91623
185300.0,198586,-13286
88600.0,112666,-24066
67500.0,96365,-28865
143400.0,102550,40850
119400.0,107157,12243
215800.0,236867,-21067
257400.0,260799,-3399
373400.0,304559,68841
152300.0,153615,-1315
245700.0,320453,-74753
80000.0,67093,12907
137200.0,130993,6207
266900.0,264410,2490
395300.0,353491,41809
222100.0,213777,8323
500001.0,308470,191531
500001.0,351300,148701
232900.0,235268,-2368
259700.0,268000,-8300
215700.0,188997,26703
243200.0,240952,2248
221400.0,184526,36874
112500.0,103675,8825
388500.0,255190,133310
410000.0,370378,39622
163000.0,186151,-23151
500000.0,367893,132107
231300.0,220144,11156
76100.0,78049,-1949
458600.0,349022,109578
366300.0,345509,20791
296800.0,208636,88164
58600.0,57217,1383
84800.0,105561,-20761
117300.0,191697,-74397
126600.0,111048,15552
170800.0,193860,-23060
149300.0,117563,31737
119000.0,117198,1802
375000.0,355411,19589
284900.0,305098,-20198
170100.0,136588,33512
500001.0,285278,214723
98700.0,134785,-36085
60800.0,78689,-17889
142800.0,146354,-3554
223900.0,259788,-35888
137500.0,217421,-79921
297800.0,300558,-2758
112700.0,117609,-4909
113300.0,104239,9061
121400.0,149453,-28053
248400.0,261864,-13464
407800.0,395790,12010
356600.0,315304,41296
106300.0,104576,1724
121400.0,116799,4601
240900.0,219092,21808
247100.0,222509,24591
137900.0,96583,41317
86300.0,71581,14719
500001.0,331386,168615
216300.0,222151,-5851
305600.0,282787,22813
158300.0,206297,-47997
452100.0,363371,88729
95000.0,124494,-29494
105700.0,87498,18202
84600.0,71484,13116
240100.0,186403,53697
162500.0,139988,22512
96600.0,106726,-10126
92200.0,101431,-9231
228200.0,245818,-17618
113700.0,148408,-34708
69000.0,57491,11509
500001.0,442538,57463
225000.0,194866,30134
174000.0,148542,25458
500001.0,456985,43016
253000.0,298113,-45113
277600.0,383503,-105903
285200.0,293856,-8656
90300.0,106977,-16677
189900.0,178767,11133
316600.0,253889,62711
301900.0,277894,24006
93100.0,100848,-7748
94200.0,97426,-3226
213800.0,202459,11341
187500.0,185883,1617
500001.0,466986,33015
325700.0,328128,-2428
300000.0,253356,46644
143900.0,139221,4679
500001.0,495630,4371
264100.0,356156,-92056
62300.0,84325,-22025
138800.0,133863,4937
105400.0,116788,-11388
63500.0,70176,-6676
500001.0,211807,288194
97800.0,108879,-11079
127400.0,141493,-14093
135300.0,145020,-9720
156100.0,136676,19424
446800.0,455339,-8539
65000.0,87948,-22948
151800.0,156222,-4422
192200.0,184389,7811
153100.0,185216,-32116
165800.0,168829,-3029
254200.0,244699,9501
234200.0,263414,-29214
112500.0,84964,27536
118700.0,79341,39359
240900.0,213299,27601
283300.0,340080,-56780
450000.0,180084,269916
52100.0,55164,-3064
55900.0,64310,-8410
88100.0,115073,-26973
248900.0,246861,2039
68600.0,143653,-75053
156300.0,167635,-11335
272700.0,290552,-17852
340400.0,351370,-10970
218800.0,181224,37576
70100.0,80197,-10097
500001.0,396560,103441
162500.0,185493,-22993
111800.0,106889,4911
110200.0,110386,-186
74200.0,60909,13291
103200.0,129906,-26706
172100.0,188592,-16492
132000.0,110078,21922
166300.0,112754,53546
107300.0,105923,1377
107900.0,96627,11273
94600.0,86233,8367
66100.0,88532,-22432
158200.0,166706,-8506
95800.0,111969,-16169
117000.0,117884,-884
170900.0,182919,-12019
92900.0,98629,-5729
162500.0,161941,559
193800.0,171450,22350
134600.0,111366,23234
123100.0,98240,24860
115700.0,119186,-3486
83500.0,93102,-9602
62200.0,70535,-8335
74400.0,82496,-8096
180100.0,191683,-11583
195800.0,216147,-20347
500001.0,476566,23435
144300.0,137756,6544
125400.0,96605,28795
80800.0,86487,-5687
65900.0,75157,-9257
157900.0,171340,-13440
500001.0,308037,191964
180800.0,234965,-54165
236200.0,263957,-27757
103000.0,122849,-19849
216900.0,182484,34416
383300.0,289598,93702
500001.0,304886,195115
83500.0,77560,5940
214400.0,186982,27418
100000.0,92333,7667
78800.0,103317,-24517
97600.0,97408,192
178400.0,217923,-39523
287100.0,312935,-25835
270100.0,322854,-52754
185500.0,236995,-51495
90600.0,109944,-19344
213600.0,199358,14242
124300.0,122487,1813
205000.0,174484,30516
256700.0,267286,-10586
392700.0,452128,-59428
133300.0,164305,-31005
187100.0,198633,-11533
255400.0,297981,-42581
347400.0,334447,12953
171700.0,150816,20884
112500.0,126812,-14312
82600.0,87424,-4824
48600.0,51148,-2548
134100.0,135939,-1839
225800.0,212673,13127
500001.0,482936,17065
470000.0,438958,31042
225800.0,235756,-9956
158000.0,196650,-38650
117100.0,123551,-6451
416300.0,398911,17389
120800.0,116057,4743
226300.0,219886,6414
122200.0,121363,837
100000.0,107031,-7031
229500.0,234353,-4853
195800.0,88873,106927
85000.0,206044,-121044
264700.0,196857,67843
455500.0,416869,38631
176000.0,171822,4178
81100.0,92667,-11567
166400.0,188226,-21826
82600.0,84791,-2191
272200.0,235504,36696
271100.0,297094,-25994
239400.0,257735,-18335
171800.0,178807,-7007
121800.0,87613,34187
173600.0,160213,13387
239300.0,226476,12824
58800.0,72184,-13384
287500.0,221538,65962
70700.0,127507,-56807
181700.0,200224,-18524
113700.0,123528,-9828
224100.0,226389,-2289
351300.0,399396,-48096
301300.0,328839,-27539
80700.0,177919,-97219
152600.0,165144,-12544
237400.0,244849,-7449
179400.0,192132,-12732
500001.0,451008,48993
170200.0,219687,-49487
165300.0,144243,21057
225900.0,248747,-22847
159700.0,164943,-5243
363500.0,405449,-41949
132100.0,146401,-14301
376800.0,446715,-69915
96900.0,92898,4002
316200.0,411351,-95151
323800.0,329166,-5366
387500.0,463518,-76018
149100.0,149746,-646
500001.0,500001,0
225000.0,161119,63881
178800.0,198680,-19880
87500.0,100918,-13418
130100.0,104758,25342
500001.0,446558,53443
349000.0,284840,64160
73000.0,75276,-2276
244700.0,310829,-66129
275400.0,244801,30599
246200.0,234704,11496
236200.0,236727,-527
232200.0,337273,-105073
53300.0,84344,-31044
163100.0,154903,8197
72400.0,78899,-6499
234500.0,212154,22346
150000.0,146091,3909
116100.0,115025,1075
181300.0,175580,5720
121000.0,147246,-26246
88700.0,119656,-30956
182500.0,190913,-8413
197400.0,212965,-15565
128100.0,130453,-2353
76500.0,98170,-21670
300000.0,318213,-18213
500001.0,445686,54315
160300.0,154181,6119
335600.0,328841,6759
157600.0,143333,14267
190600.0,207183,-16583
180800.0,253988,-73188
104200.0,100622,3578
111800.0,129571,-17771
194100.0,195934,-1834
253800.0,345294,-91494
129500.0,222104,-92604
117600.0,115437,2163
339800.0,394246,-54446
342900.0,392281,-49381
195500.0,191213,4287
83800.0,87371,-3571
94200.0,103313,-9113
140600.0,124151,16449
160900.0,241456,-80556
169300.0,185657,-16357
275900.0,268951,6949
146200.0,157755,-11555
202300.0,193036,9264
154000.0,164554,-10554
135500.0,146958,-11458
235900.0,243883,-7983
128800.0,122465,6335
249600.0,216688,32912
300000.0,272185,27815
134100.0,161841,-27741
308600.0,391867,-83267
350000.0,347437,2563
110800.0,135708,-24908
190800.0,216030,-25230
108800.0,121942,-13142
144400.0,150202,-5802
162900.0,178693,-15793
163900.0,168845,-4945
98000.0,92711,5289
132700.0,145389,-12689
283100.0,241801,41299
407200.0,349323,57877
248200.0,272104,-23904
64500.0,84686,-20186
500001.0,328773,171228
194400.0,261713,-67313
137500.0,165954,-28454
127300.0,140412,-13112
85300.0,76716,8584
194900.0,193180,1720
221100.0,208741,12359
192200.0,186005,6195
404500.0,393298,11202
73500.0,77671,-4171
233700.0,191143,42557
118800.0,105698,13102
70000.0,86136,-16136
182800.0,197987,-15187
500001.0,499366,635
157700.0,155884,1816
247900.0,221002,26898
500001.0,430515,69486
357900.0,259766,98134
56900.0,66920,-10020
302400.0,324979,-22579
125400.0,134574,-9174
386400.0,282774,103626
175600.0,172506,3094
110500.0,109504,996
386700.0,460349,-73649
137500.0,149209,-11709
228700.0,268753,-40053
149400.0,185913,-36513
73700.0,74721,-1021
500001.0,307210,192791
132100.0,119222,12878
86500.0,102180,-15680
417900.0,315171,102729
172600.0,163829,8771
99700.0,81873,17827
72500.0,136371,-63871
180800.0,223651,-42851
308400.0,253845,54555
288300.0,308438,-20138
302200.0,239164,63036
288800.0,373329,-84529
100000.0,117969,-17969
233000.0,211803,21197
136900.0,161519,-24619
209400.0,272266,-62866
246600.0,278042,-31442
65200.0,65190,10
491200.0,349033,142167
356700.0,351250,5450
164300.0,188688,-24388
88200.0,91218,-3018
155900.0,140708,15192
191700.0,149131,42569
84400.0,164597,-80197
190100.0,222227,-32127
112500.0,82555,29945
115200.0,163623,-48423
174600.0,184354,-9754
113500.0,144527,-31027
152400.0,218662,-66262
250300.0,211600,38700
183700.0,203548,-19848
500001.0,370178,129823
310900.0,328907,-18007
230600.0,209986,20614
68500.0,68011,489
267400.0,317386,-49986
145300.0,194708,-49408
282000.0,301829,-19829
282100.0,139739,142361
189800.0,257691,-67891
254400.0,236470,17930
161700.0,170565,-8865
188800.0,169833,18967
500001.0,320401,179600
94400.0,95349,-949
342800.0,339066,3734
191500.0,256845,-65345
209600.0,222088,-12488
235000.0,228900,6100
231400.0,321369,-89969
130200.0,167449,-37249
208200.0,228195,-19995
500001.0,498124,1877
168600.0,185232,-16632
228100.0,238701,-10601
126900.0,158823,-31923
135500.0,147801,-12301
156700.0,149354,7346
208600.0,200094,8506
436700.0,256642,180058
71000.0,50804,20196
88800.0,95315,-6515
341600.0,382050,-40450
120200.0,105849,14351
148200.0,138236,9964
500001.0,443085,56916
375000.0,243203,131797
137500.0,118721,18779
64800.0,122542,-57742
231800.0,280768,-48968
160700.0,162142,-1442
251000.0,236319,14681
142500.0,220934,-78434
176500.0,180245,-3745
177100.0,200750,-23650
311800.0,373082,-61282
84600.0,123484,-38884
122600.0,122292,308
198200.0,202742,-4542
500000.0,380123,119877
279800.0,357160,-77360
195000.0,214512,-19512
202800.0,185185,17615
354100.0,334946,19154
259500.0,216603,42897
500001.0,269845,230156
272400.0,294540,-22140
183900.0,200833,-16933
285800.0,267346,18454
225000.0,273877,-48877
292600.0,274923,17677
55200.0,52754,2446
262000.0,173597,88403
158900.0,160892,-1992
172100.0,178934,-6834
191700.0,192722,-1022
225000.0,227627,-2627
108300.0,117068,-8768
113600.0,95977,17623
100000.0,127260,-27260
191700.0,240645,-48945
117200.0,92028,25172
110600.0,102667,7933
80200.0,89252,-9052
98100.0,124313,-26213
253800.0,274901,-21101
48100.0,52451,-4351
192800.0,154768,38032
132800.0,128303,4497
196300.0,177186,19114
320800.0,271143,49657
319400.0,309937,9463
203700.0,264449,-60749
207100.0,265511,-58411
79900.0,115371,-35471
500001.0,425619,74382
330000.0,250981,79019
139000.0,167730,-28730
187500.0,197621,-10121
448300.0,260778,187522
176300.0,179586,-3286
175900.0,109728,66172
104200.0,97592,6608
162200.0,159486,2714
166800.0,189588,-22788
161200.0,160497,703
153100.0,193561,-40461
156900.0,143980,12920
158100.0,181068,-22968
76900.0,66330,10570
165400.0,178073,-12673
73500.0,172531,-99031
118400.0,87811,30589
142400.0,140515,1885
280300.0,285788,-5488
107200.0,139466,-32266
183300.0,165615,17685
98800.0,74616,24184
234500.0,193879,40621
143500.0,188292,-44792
108000.0,143353,-35353
97800.0,104517,-6717
70500.0,80011,-9511
225900.0,189654,36246
239800.0,278933,-39133
136400.0,203869,-67469
180600.0,184735,-4135
239600.0,241433,-1833
265700.0,270667,-4967
204200.0,183161,21039
122500.0,147118,-24618
204000.0,317437,-113437
195300.0,208956,-13656
215800.0,245755,-29955
500001.0,353316,146685
75800.0,76139,-339
265400.0,298573,-33173
273700.0,365486,-91786
116400.0,115108,1292
59400.0,73194,-13794
137000.0,118190,18810
119200.0,78510,40690
244200.0,246493,-2293
170000.0,187286,-17286
280300.0,320087,-39787
285000.0,319414,-34414
102600.0,203435,-100835
120500.0,106423,14077
361600.0,381124,-19524
455300.0,411726,43574
213400.0,219848,-6448
158000.0,202576,-44576
217000.0,192512,24488
63700.0,63040,660
244300.0,288783,-44483
151100.0,152211,-1111
110800.0,115249,-4449
433800.0,477991,-44191
72900.0,89819,-16919
108500.0,128627,-20127
452600.0,433546,19054
467600.0,485755,-18155
263300.0,209934,53366
266800.0,233998,32802
500001.0,498663,1338
72300.0,69274,3026
151500.0,170430,-18930
